Country,Country code,1950,1951,1952,1953,1954,1955,1956,1957,1958,1959,1960,1961,1962,1963,1964,1965,1966,1967,1968,1969,1970,1971,1972,1973,1974,1975,1976,1977,1978,1979,1980,1981,1982,1983,1984,1985,1986,1987,1988,1989,1990,1991,1992,1993,1994,1995,1996,1997,1998,1999,2000,2001,2002,2003,2004,2005,2006,2007,2008,2009,2010,2011,2012,2013,2014,2015,2016,2017,2018,2019,2020
China,156,554419,569909,582576,593366,603052,612242,621363,630678,640296,650213,660408,670953,682103,694339,708255,724219,742415,762581,784075,805986,827601,848760,869486,889485,908464,926241,942685,957891,972205,986132,1000089,1014022,1027949,1042431,1058172,1075589,1095014,1116095,1137724,1158357,1176884,1192897,1206711,1218817,1230020,1240921,1251636,1261996,1271982,1281515,1290551,1299130,1307352,1315304,1323085,1330776,1338409,1345994,1353569,1361169,1368811,1376498,1384206,1391883,1399454,1406848,1414049,1421022,1427648,1433784,1439324
India,356,376325,382377,388799,395544,402579,409881,417443,425271,433381,441799,450548,459642,469077,478826,488848,499123,509632,520401,531514,543084,555190,567868,581087,594770,608803,623103,637630,652409,667500,682995,698953,715385,732239,749429,766833,784360,801975,819682,837469,855335,873278,891273,909307,927404,945602,963923,982365,1000900,1019484,1038058,1056576,1075000,1093317,1111523,1129623,1147610,1165486,1183209,1200670,1217726,1234281,1250288,1265780,1280842,1295601,1310152,1324517,1338677,1352642,1366418,1380004
United States of America,840,158804,160872,163266,165910,168736,171685,174705,177751,180788,183786,186721,189570,192314,194932,197408,199734,201896,203905,205806,207659,209513,211384,213270,215179,217115,219081,221086,223136,225223,227339,229476,231636,233822,236030,238257,240500,242763,245053,247372,249726,252120,254539,256991,259532,262241,265164,268335,271714,275175,278548,281711,284608,287279,289816,292355,294994,297759,300608,303486,306308,309011,311584,314044,316401,318673,320878,323016,325085,327096,329065,331003
Indonesia,360,69543,70849,72275,73821,75488,77273,79173,81179,83284,85478,87751,90098,92518,95015,97597,100267,103025,105866,108780,111759,114793,117880,121017,124200,127422,130681,133967,137278,140622,144010,147448,150938,154468,158009,161523,164982,168374,171703,174976,178209,181413,184592,187740,190851,193917,196934,199901,202826,205725,208615,211514,214427,217358,220309,223286,226289,229318,232374,235470,238621,241834,245116,248452,251805,255128,258383,261556,264651,267671,270626,273524
Pakistan,586,37542,37993,38517,39109,39767,40488,41270,42111,43011,43971,44989,46065,47199,48387,49628,50918,52260,53656,55103,56598,58142,59734,61382,63099,64906,66817,68834,70958,73197,75561,78054,80680,83432,86286,89214,92192,95215,98286,101390,104513,107648,110779,113911,117087,120363,123777,127349,131057,134843,138625,142344,145978,149550,153093,156665,160304,164023,167808,171649,175526,179425,183340,187280,191261,195305,199427,203631,207906,212228,216565,220892
Brazil,76,53975,55606,57284,58999,60749,62534,64356,66221,68140,70123,72179,74311,76514,78773,81065,83374,85697,88036,90387,92747,95113,97483,99859,102259,104706,107216,109791,112425,115121,117878,120694,123570,126498,129449,132384,135274,138109,140892,143628,146328,149003,151648,154259,156849,159433,162020,164615,167209,169785,172319,174790,177196,179538,181809,184006,186127,188167,190130,192030,193887,195714,197515,199287,201036,202764,204472,206163,207834,209469,211050,212559
Nigeria,566,37860,38424,39035,39686,40371,41086,41831,42605,43412,44255,45138,46064,47030,48033,49067,50128,51218,52342,53506,54717,55982,57297,58666,60115,61677,63374,65221,67203,69272,71361,73424,75441,77428,79415,81449,83563,85766,88048,90395,92788,95212,97668,100162,102701,105294,107948,110669,113458,116320,119260,122284,125394,128596,131901,135320,138865,142538,146340,150270,154325,158503,162805,167229,171766,176405,181137,185960,190873,195875,200964,206140
Bangladesh,50,37895,38706,39490,40292,41150,42086,43114,44233,45435,46701,48014,49363,50752,52202,53742,55385,57158,59034,60918,62680,64232,65532,66626,67638,68742,70066,71652,73464,75450,77529,79639,81768,83932,86142,88417,90764,93188,95671,98186,100695,103172,105599,107984,110351,112738,115170,117650,120161,122683,125190,127658,130089,132478,134792,136986,139036,140921,142660,144304,145925,147575,149273,151006,152761,154517,156256,157977,159685,161377,163046,164689
Russian Federation,643,102799,104305,105967,107727,109537,111355,113154,114914,116622,118276,119872,121404,122858,124210,125431,126504,127417,128187,128860,129498,130149,130831,131540,132276,133032,133805,134596,135413,136260,137139,138053,138994,139955,140936,141938,142957,143995,145033,146013,146864,147532,147996,148269,148374,148349,148227,148021,147730,147361,146916,146405,145831,145216,144611,144081,143672,143403,143266,143249,143327,143479,143703,143994,144325,144665,144985,145275,145530,145734,145872,145934
Mexico,484,27945,28750,29590,30469,31389,32351,33355,34402,35488,36612,37772,38966,40195,41462,42771,44124,45520,46956,48432,49945,51494,53076,54690,56324,57967,59608,61242,62870,64495,66124,67761,69408,71059,72709,74353,75983,77599,79200,80789,82369,83943,85513,87075,88625,90156,91663,93147,94611,96056,97485,98900,100298,101685,103081,104515,106005,107560,109171,110815,112464,114093,115695,117274,118827,120355,121858,123333,124777,126191,127576,128933
Japan,392,82802,84316,85659,86870,87981,89018,90004,90954,91878,92782,93674,94561,95459,96389,97379,98447,99596,100822,102124,103496,104929,106427,107976,109529,111023,112413,113679,114828,115879,116867,117817,118733,119605,120428,121189,121883,122509,123073,123585,124059,124505,124930,125331,125707,126053,126365,126644,126893,127117,127326,127524,127714,127893,128058,128204,128326,128423,128494,128539,128555,128542,128499,128424,128314,128169,127985,127763,127503,127202,126860,126476
Ethiopia,231,18128,18467,18820,19184,19560,19947,20348,20764,21201,21662,22151,22671,23221,23798,24397,25014,25641,26280,26944,27653,28415,29249,30141,31037,31861,32567,33128,33577,33993,34488,35142,35985,36995,38143,39374,40652,41966,43329,44757,46272,47888,49610,51424,53296,55181,57048,58884,60697,62508,64343,66225,68159,70142,72171,74240,76346,78489,80674,82916,85234,87640,90140,92727,95386,98094,100835,103603,106400,109224,112079,114964
Philippines,608,18580,19247,19945,20670,21415,22177,22956,23752,24567,25406,26270,27161,28077,29013,29959,30910,31864,32824,33795,34786,35804,36850,37923,39023,40144,41286,42447,43629,44838,46080,47358,48673,50024,51409,52827,54276,55755,57264,58795,60341,61895,63455,65020,66594,68181,69784,71402,73031,74672,76326,77992,79673,81365,83052,84711,86326,87889,89405,90902,92414,93967,95570,97213,98872,100513,102113,103664,105173,106651,108117,109581
Egypt,818,20452,20949,21474,22028,22612,23223,23862,24525,25209,25913,26633,27366,28112,28871,29645,30433,31238,32057,32882,33703,34514,35312,36103,36897,37708,38549,39423,40330,41276,42267,43309,44400,45539,46728,47969,49259,50602,51992,53399,54789,56134,57425,58667,59881,61096,62334,63602,64892,66200,67516,68832,70153,71485,72826,74172,75524,76874,78232,79636,81135,82761,84529,86422,88405,90425,92443,94447,96443,98424,100388,102334
Viet Nam,704,24810,25365,25977,26646,27370,28147,28973,29844,30754,31698,32670,33666,34683,35721,36780,37859,38958,40073,41194,42307,43405,44484,45548,46604,47658,48718,49785,50861,51959,53095,54282,55523,56814,58148,59513,60897,62294,63702,65120,66550,67989,69437,70883,72300,73651,74910,76069,77133,78116,79036,79910,80743,81534,82302,83063,83833,84618,85420,86243,87092,87968,88871,89802,90753,91714,92677,93640,94601,95546,96462,97339
Democratic Republic of the Congo,180,12184,12429,12681,12944,13223,13518,13830,14161,14509,14872,15248,15638,16041,16462,16904,17370,17862,18379,18914,19460,20011,20564,21121,21690,22282,22904,23560,24249,24956,25664,26359,27040,27717,28404,29120,29881,30684,31529,32444,33465,34612,35908,37334,38816,40253,41576,42757,43827,44850,45920,47106,48429,49872,51426,53069,54786,56578,58454,60411,62449,64564,66755,69021,71359,73767,76245,78789,81399,84068,86791,89561
Turkey,792,21408,21951,22509,23082,23669,24271,24886,25515,26156,26809,27472,28147,28833,29531,30244,30973,31718,32478,33256,34055,34876,35721,36587,37472,38370,39277,40190,41108,42040,42994,43976,44988,46025,47073,48114,49134,50129,51101,52054,52992,53922,54841,55749,56654,57564,58486,59423,60373,61330,62287,63240,64192,65145,66089,67011,67903,68757,69582,70419,71321,72327,73443,74651,75925,77229,78529,79828,81116,82340,83430,84339
Iran (Islamic Republic of),364,17119,17517,17934,18369,18823,19294,19783,20289,20811,21351,21907,22480,23071,23680,24308,24955,25624,26318,27033,27765,28514,29282,30075,30906,31786,32730,33734,34803,35961,37237,38650,40200,41869,43637,45473,47347,49260,51194,53077,54822,56366,57679,58780,59724,60591,61443,62295,63136,63972,64801,65623,66449,67285,68123,68951,69762,70555,71336,72121,72925,73763,74635,75540,76482,77466,78492,79564,80674,81800,82914,83993
Germany,276,69966,70300,70620,70930,71233,71537,71851,72183,72548,72955,73414,73928,74489,75081,75677,76258,76820,77357,77847,78261,78578,78790,78902,78932,78910,78856,78782,78687,78574,78438,78283,78108,77926,77770,77682,77692,77806,78016,78308,78660,79054,79491,79963,80429,80833,81139,81324,81399,81403,81390,81401,81454,81535,81614,81646,81603,81472,81278,81066,80900,80827,80856,80973,81174,81450,81787,82194,82658,83124,83517,83784
Thailand,764,20710,21263,21838,22437,23061,23711,24390,25097,25834,26600,27397,28224,29081,29967,30881,31823,32789,33779,34791,35827,36885,37963,39059,40160,41252,42326,43377,44406,45413,46402,47374,48326,49256,50174,51095,52027,52980,53946,54892,55772,56558,57232,57811,58338,58875,59467,60130,60847,61585,62299,62953,63539,64069,64550,64995,65416,65813,66182,66531,66867,67195,67518,67836,68145,68439,68715,68971,69210,69428,69626,69800
United Kingdom,826,50616,50602,50651,50751,50891,51064,51266,51496,51755,52046,52371,52728,53109,53501,53883,54241,54569,54867,55133,55368,55573,55749,55892,56006,56092,56152,56188,56204,56206,56205,56209,56221,56241,56277,56333,56414,56523,56658,56813,56974,57134,57291,57446,57602,57763,57932,58114,58307,58510,58716,58923,59124,59326,59561,59873,60288,60821,61455,62145,62829,63460,64022,64525,64984,65423,65860,66298,66727,67142,67530,67886
France,250,41834,42031,42316,42655,43025,43411,43809,44221,44659,45138,45673,46267,46907,47561,48184,48747,49233,49651,50025,50387,50764,51163,51573,51980,52357,52689,52969,53209,53423,53637,53868,54121,54391,54675,54965,55255,55545,55838,56126,56404,56667,56914,57147,57370,57587,57802,58012,58221,58444,58704,59015,59384,59803,60252,60698,61120,61509,61869,62209,62543,62880,63222,63564,63894,64194,64453,64668,64843,64991,65130,65274
Italy,380,46599,47010,47391,47737,48051,48336,48599,48852,49110,49388,49700,50052,50442,50856,51273,51677,52063,52433,52795,53155,53519,53889,54259,54619,54958,55265,55538,55778,55989,56178,56349,56505,56645,56765,56863,56937,56984,57008,57018,57029,57048,57088,57145,57198,57214,57174,57065,56904,56743,56656,56692,56875,57183,57565,57948,58281,58543,58748,58922,59106,59325,59589,59879,60167,60410,60578,60663,60674,60627,60550,60462
United Republic of Tanzania,834,7650,7845,8051,8267,8494,8730,8975,9230,9494,9768,10052,10347,10652,10968,11296,11635,11985,12348,12726,13121,13535,13972,14428,14902,15389,15885,16390,16905,17433,17976,18538,19121,19723,20345,20982,21634,22296,22971,23671,24412,25204,26057,26961,27887,28793,29649,30445,31193,31924,32682,33499,34386,35335,36338,37380,38450,39549,40681,41854,43074,44347,45674,47053,48483,49961,51483,53049,54660,56313,58005,59734
South Africa,710,13628,13922,14226,14542,14868,15207,15557,15921,16299,16691,17100,17525,17966,18423,18896,19385,19888,20407,20942,21496,22070,22665,23282,23913,24553,25195,25837,26481,27139,27827,28557,29333,30150,30994,31842,32679,33496,34298,35101,35930,36801,37719,38673,39634,40564,41436,42241,42987,43682,44339,44968,45571,46151,46719,47292,47881,48489,49120,49779,50477,51217,52004,52833,53687,54544,55386,56208,57010,57793,58558,59309
Myanmar,104,17780,18104,18441,18793,19162,19550,19956,20380,20820,21273,21737,22212,22698,23198,23718,24259,24824,25410,26015,26636,27269,27914,28570,29238,29918,30611,31314,32027,32749,33481,34224,34976,35734,36492,37242,37977,38698,39404,40086,40731,41335,41890,42402,42890,43383,43902,44452,45027,45611,46181,46720,47225,47702,48149,48564,48950,49301,49621,49930,50250,50601,50991,51414,51852,52281,52681,53045,53383,53708,54045,54410
Kenya,404,6077,6242,6416,6598,6789,6988,7195,7412,7638,7874,8120,8378,8647,8929,9223,9530,9851,10187,10540,10911,11301,11713,12146,12601,13077,13576,14096,14639,15205,15798,16417,17064,17736,18432,19146,19877,20623,21382,22154,22935,23725,24522,25326,26136,26951,27768,28589,29416,30250,31099,31965,32849,33752,34679,35635,36625,37649,38706,39792,40902,42031,43178,44343,45520,46700,47878,49052,50221,51393,52574,53771
Republic of Korea,410,19211,19453,19818,20293,20864,21515,22227,22984,23766,24553,25330,26084,26812,27518,28210,28896,29573,30237,30892,31544,32196,32851,33507,34154,34781,35379,35942,36475,36992,37511,38046,38602,39175,39748,40296,40804,41265,41687,42087,42491,42918,43373,43848,44335,44820,45293,45751,46196,46621,47017,47379,47706,48000,48261,48493,48701,48880,49035,49182,49347,49546,49786,50061,50346,50608,50823,50983,51096,51172,51225,51269
Colombia,170,11982,12296,12634,12994,13375,13775,14195,14633,15090,15565,16058,16568,17093,17630,18175,18725,19280,19838,20394,20942,21480,22004,22516,23025,23538,24066,24608,25165,25734,26313,26901,27497,28102,28714,29331,29951,30572,31195,31823,32457,33103,33758,34423,35091,35759,36421,37076,37724,38364,38999,39630,40256,40875,41484,42076,42648,43201,43738,44255,44750,45223,45663,46076,46495,46968,47521,48175,48910,49661,50339,50883
Spain,724,28070,28220,28399,28600,28818,29048,29290,29544,29811,30097,30402,30730,31075,31433,31792,32146,32492,32830,33169,33518,33884,34267,34664,35069,35476,35879,36277,36667,37040,37387,37698,37972,38210,38413,38587,38734,38856,38954,39039,39119,39203,39299,39411,39534,39660,39787,39909,40035,40202,40454,40825,41319,41920,42596,43308,44019,44729,45429,46069,46584,46931,47084,47063,46931,46778,46672,46634,46647,46693,46737,46755
Uganda,800,5158,5308,5453,5596,5741,5889,6043,6206,6379,6566,6767,6984,7216,7462,7719,7986,8263,8550,8841,9128,9406,9672,9930,10186,10453,10737,11043,11369,11713,12071,12442,12825,13222,13639,14083,14559,15070,15613,16180,16763,17354,17954,18562,19176,19794,20413,21033,21655,22291,22952,23650,24389,25167,25981,26821,27685,28571,29486,30432,31411,32428,33477,34559,35695,36912,38225,39649,41167,42729,44270,45741
Argentina,32,17038,17390,17743,18094,18443,18789,19132,19472,19810,20146,20482,20817,21153,21489,21824,22160,22494,22829,23168,23518,23881,24260,24653,25056,25462,25866,26265,26661,27061,27471,27897,28339,28795,29262,29737,30216,30699,31184,31669,32148,32619,33079,33529,33970,34403,34828,35246,35657,36063,36467,36871,37276,37682,38088,38492,38893,39290,39684,40080,40483,40896,41320,41755,42196,42638,43075,43508,43937,44361,44781,45196
Algeria,12,8872,9023,9186,9364,9560,9774,10006,10254,10514,10783,11058,11336,11620,11913,12222,12551,12903,13275,13664,14062,14465,14872,15286,15710,16149,16608,17086,17583,18102,18648,19222,19824,20453,21102,21764,22432,23102,23774,24443,25106,25759,26400,27028,27636,28214,28758,29266,29743,30193,30623,31042,31452,31855,32264,32692,33150,33641,34167,34731,35334,35977,36661,37384,38140,38924,39728,40551,41389,42228,43053,43851
Sudan,729,5734,5885,6041,6204,6373,6549,6732,6923,7122,7329,7544,7769,8004,8249,8504,8770,9048,9338,9640,9954,10282,10621,10975,11344,11733,12144,12578,13035,13510,14002,14507,15027,15562,16108,16658,17210,17757,18303,18868,19477,20148,20891,21696,22528,23338,24095,24782,25414,26016,26627,27275,27971,28705,29461,30214,30950,31662,32361,33061,33784,34545,35350,36194,37073,37978,38903,39847,40813,41802,42813,43849
Ukraine,804,37298,37816,38360,38916,39471,40019,40557,41085,41608,42132,42665,43206,43752,44289,44797,45265,45685,46063,46412,46749,47089,47435,47783,48126,48453,48756,49033,49287,49523,49748,49966,50176,50377,50568,50749,50919,51077,51220,51338,51422,51463,51461,51416,51316,51148,50904,50580,50187,49747,49289,48838,48402,47980,47582,47217,46891,46607,46366,46159,45971,45792,45620,45454,45287,45112,44922,44714,44488,44246,43994,43734
Iraq,368,5719,5902,6065,6216,6360,6503,6647,6795,6951,7116,7290,7475,7674,7889,8122,8376,8651,8947,9261,9586,9918,10256,10600,10951,11312,11685,12069,12462,12861,13259,13653,14044,14432,14816,15190,15556,15910,16257,16612,16995,17419,17889,18403,18955,19539,20149,20783,21440,22114,22802,23498,24208,24932,25645,26314,26922,27448,27911,28386,28973,29742,30725,31890,33157,34412,35572,36611,37553,38434,39310,40223
Afghanistan,4,7752,7840,7936,8040,8151,8271,8399,8535,8680,8834,8997,9169,9351,9543,9745,9956,10175,10400,10637,10894,11174,11475,11791,12109,12413,12689,12943,13171,13341,13411,13357,13172,12883,12538,12204,11938,11736,11605,11618,11869,12412,13299,14486,15817,17076,18111,18853,19357,19738,20171,20780,21607,22601,23681,24727,25654,26433,27101,27722,28395,29186,30117,31161,32270,33371,34414,35383,36296,37172,38042,38928
Poland,616,24824,25283,25764,26260,26764,27270,27770,28260,28733,29186,29614,30016,30389,30736,31059,31361,31641,31902,32150,32393,32639,32890,33147,33412,33686,33971,34266,34571,34886,35209,35540,35878,36222,36556,36864,37134,37360,37544,37697,37833,37960,38083,38198,38301,38389,38459,38510,38545,38564,38568,38557,38530,38489,38442,38400,38369,38354,38353,38357,38352,38330,38287,38227,38158,38091,38034,37989,37953,37922,37888,37847
Canada,124,13733,14078,14445,14835,15245,15674,16115,16561,17005,17436,17847,18234,18597,18943,19284,19628,19976,20325,20675,21025,21374,21723,22072,22415,22746,23059,23355,23634,23902,24161,24417,24668,24917,25171,25445,25745,26076,26433,26806,27179,27541,27889,28224,28548,28861,29164,29458,29742,30022,30303,30588,30880,31178,31488,31815,32164,32537,32931,33338,33746,34148,34539,34922,35297,35664,36027,36383,36732,37075,37411,37742
Morocco,504,8986,9243,9529,9837,10163,10503,10853,11212,11578,11951,12329,12711,13095,13478,13858,14230,14595,14954,15307,15657,16005,16351,16697,17049,17413,17796,18199,18620,19060,19517,19990,20480,20984,21495,22003,22499,22980,23447,23904,24356,24807,25260,25711,26155,26584,26994,27383,27755,28110,28456,28794,29126,29455,29783,30115,30456,30805,31164,31537,31929,32343,32782,33242,33716,34192,34664,35126,35581,36029,36472,36911
Saudi Arabia,682,3121,3199,3284,3373,3465,3558,3654,3752,3855,3966,4087,4219,4363,4517,4677,4844,5015,5195,5388,5600,5836,6101,6393,6712,7055,7419,7803,8208,8647,9138,9691,10312,10989,11701,12419,13119,13794,14446,15070,15666,16234,16773,17283,17763,18214,18639,19034,19407,19783,20195,20664,21203,21805,22457,23133,23816,24498,25185,25889,26630,27421,28268,29155,30052,30917,31718,32443,33101,33703,34269,34814
Uzbekistan,860,6264,6470,6668,6865,7066,7277,7500,7737,7987,8251,8526,8814,9114,9429,9763,10117,10493,10889,11295,11695,12080,12446,12797,13141,13491,13857,14243,14644,15057,15477,15899,16322,16747,17178,17615,18061,18516,18976,19444,19918,20398,20885,21375,21862,22336,22791,23225,23640,24036,24412,24770,25109,25431,25749,26078,26428,26804,27205,27627,28065,28516,28977,29449,29933,30426,30930,31442,31960,32476,32982,33469
Peru,604,7777,7976,8185,8401,8626,8858,9099,9348,9606,9875,10155,10447,10749,11062,11383,11711,12046,12387,12735,13093,13460,13836,14222,14616,15017,15425,15839,16258,16683,17113,17548,17985,18426,18871,19320,19773,20230,20691,21153,21614,22071,22522,22967,23408,23851,24299,24754,25211,25658,26078,26460,26799,27101,27372,27624,27866,28102,28333,28562,28793,29028,29264,29507,29774,30090,30471,30926,31444,31989,32510,32972
Angola,24,4548,4617,4713,4823,4936,5043,5141,5228,5307,5381,5455,5531,5608,5679,5735,5771,5781,5774,5772,5804,5890,6041,6249,6497,6762,7024,7280,7534,7791,8058,8341,8640,8953,9278,9615,9962,10320,10689,11068,11455,11848,12249,12657,13075,13504,13945,14401,14872,15360,15867,16395,16946,17519,18121,18758,19434,20150,20905,21696,22514,23356,24221,25108,26016,26942,27884,28842,29817,30810,31825,32866
Malaysia,458,6110,6271,6450,6639,6837,7039,7246,7458,7678,7910,8156,8418,8692,8974,9254,9527,9790,10046,10298,10549,10804,11062,11324,11593,11871,12162,12469,12790,13123,13460,13798,14134,14471,14819,15192,15599,16044,16522,17022,17529,18030,18520,19003,19485,19978,20488,21018,21563,22115,22661,23194,23709,24208,24699,25191,25691,26202,26720,27236,27735,28208,28651,29068,29469,29867,30271,30685,31105,31528,31950,32366
Mozambique,508,5959,6059,6165,6275,6390,6508,6632,6760,6894,7036,7185,7342,7507,7679,7857,8039,8226,8418,8614,8816,9023,9233,9446,9669,9907,10165,10444,10739,11041,11341,11630,11913,12190,12440,12636,12764,12809,12786,12758,12806,12987,13328,13806,14371,14948,15483,15960,16397,16814,17244,17712,18222,18764,19331,19911,20494,21080,21673,22277,22895,23532,24188,24863,25561,26286,27042,27830,28649,29496,30366,31255
Ghana,288,5036,5140,5269,5413,5569,5731,5897,6069,6247,6435,6635,6848,7072,7300,7524,7739,7941,8133,8322,8520,8735,8973,9230,9494,9749,9986,10199,10395,10590,10805,11056,11348,11677,12034,12406,12784,13165,13552,13947,14353,14773,15207,15653,16107,16562,17014,17463,17909,18357,18812,19279,19757,20246,20750,21272,21815,22379,22964,23564,24171,24780,25388,25996,26608,27224,27849,28482,29121,29767,30418,31073
Yemen,887,4661,4717,4776,4838,4901,4966,5032,5099,5169,5241,5315,5393,5474,5557,5642,5728,5816,5908,6002,6097,6193,6290,6391,6501,6630,6785,6968,7179,7414,7670,7942,8232,8542,8869,9213,9572,9941,10322,10731,11189,11710,12302,12954,13634,14298,14913,15469,15976,16450,16921,17409,17918,18444,18985,19540,20107,20688,21283,21892,22516,23155,23808,24473,25147,25823,26498,27168,27835,28499,29162,29826
Nepal,524,8483,8664,8835,8999,9159,9317,9473,9630,9787,9945,10105,10267,10433,10605,10784,10973,11173,11383,11604,11835,12075,12324,12583,12852,13131,13420,13719,14029,14348,14677,15016,15367,15729,16101,16477,16858,17240,17624,18021,18445,18905,19406,19938,20490,21041,21576,22090,22585,23058,23510,23941,24347,24726,25081,25419,25745,26067,26383,26667,26884,27013,27041,26989,26917,26906,27015,27263,27633,28096,28609,29137
Venezuela (Bolivarian Republic of),862,5482,5727,5974,6226,6483,6745,7012,7286,7565,7850,8142,8439,8743,9053,9369,9692,10023,10360,10702,11048,11396,11746,12098,12454,12817,13190,13572,13964,14365,14771,15183,15598,16018,16443,16877,17320,17772,18233,18699,19166,19633,20096,20558,21017,21475,21931,22386,22838,23289,23740,24192,24646,25100,25552,25997,26432,26850,27248,27636,28031,28440,28888,29361,29781,30043,30082,29851,29402,28887,28516,28436
Madagascar,450,4084,4168,4257,4349,4444,4544,4647,4754,4865,4980,5099,5224,5352,5486,5625,5769,5919,6074,6234,6402,6576,6758,6947,7143,7346,7556,7773,7998,8230,8470,8717,8971,9234,9504,9781,10063,10352,10648,10952,11269,11599,11943,12301,12675,13067,13475,13903,14348,14809,15283,15767,16261,16765,17279,17803,18337,18880,19434,19996,20569,21152,21744,22347,22961,23590,24234,24894,25571,26262,26969,27691
Cameroon,120,4307,4384,4462,4542,4623,4707,4793,4883,4976,5074,5177,5285,5399,5518,5643,5774,5910,6052,6201,6357,6520,6690,6867,7053,7247,7451,7664,7888,8121,8366,8621,8889,9167,9456,9758,10071,10395,10731,11075,11426,11780,12138,12499,12864,13231,13600,13971,14344,14724,15113,15514,15929,16358,16801,17259,17733,18224,18730,19253,19790,20341,20906,21485,22077,22682,23298,23927,24566,25216,25876,26546
CÃ´te d'Ivoire,384,2630,2691,2761,2838,2920,3004,3092,3184,3282,3387,3504,3632,3771,3919,4071,4227,4384,4544,4713,4897,5102,5329,5576,5842,6121,6412,6714,7026,7350,7686,8034,8394,8765,9145,9530,9918,10307,10698,11095,11502,11925,12362,12812,13272,13735,14200,14665,15131,15589,16033,16455,16853,17232,17600,17970,18355,18755,19171,19606,20059,20533,21029,21547,22088,22648,23226,23823,24437,25069,25717,26378
Dem. People's Republic of Korea,408,10549,10249,10049,9957,9972,10087,10286,10547,10844,11145,11424,11666,11872,12065,12282,12548,12865,13223,13610,14010,14410,14810,15208,15593,15952,16275,16555,16797,17016,17236,17472,17731,18009,18298,18590,18877,19157,19432,19708,19994,20293,20609,20937,21266,21578,21862,22113,22335,22537,22731,22929,23133,23339,23542,23733,23904,24055,24188,24310,24428,24549,24673,24801,24930,25058,25184,25308,25430,25550,25666,25779
Australia,36,8177,8398,8595,8782,8970,9166,9372,9587,9809,10029,10242,10446,10643,10845,11065,11313,11593,11900,12216,12519,12793,13033,13244,13432,13606,13773,13936,14093,14249,14413,14588,14777,14979,15195,15423,15664,15918,16183,16452,16714,16961,17189,17402,17603,17799,17993,18189,18387,18587,18788,18991,19195,19401,19624,19880,20179,20526,20916,21332,21751,22155,22538,22904,23255,23596,23932,24263,24585,24898,25203,25500
Niger,562,2560,2638,2717,2796,2875,2956,3037,3120,3206,3296,3389,3486,3588,3694,3803,3914,4028,4145,4264,4386,4511,4638,4768,4902,5041,5185,5335,5491,5653,5819,5989,6164,6344,6529,6719,6916,7119,7329,7548,7780,8027,8289,8567,8860,9168,9490,9827,10178,10546,10930,11332,11751,12190,12648,13126,13624,14144,14685,15251,15843,16464,17115,17795,18504,19240,20002,20789,21602,22443,23311,24207
"China, Taiwan Province of China",158,7602,7931,8251,8565,8877,9190,9506,9830,10164,10512,10876,11258,11655,12065,12482,12901,13322,13743,14157,14553,14924,15268,15586,15885,16176,16465,16755,17043,17331,17619,17905,18192,18478,18760,19036,19303,19560,19807,20042,20266,20479,20679,20868,21045,21207,21356,21489,21608,21722,21839,21967,22109,22262,22420,22570,22706,22824,22927,23019,23105,23188,23269,23347,23422,23492,23557,23618,23675,23726,23774,23817
Sri Lanka,144,7971,8108,8257,8417,8591,8778,8979,9191,9412,9641,9874,10112,10352,10598,10850,11111,11381,11658,11938,12215,12486,12748,13002,13252,13502,13755,14013,14273,14534,14789,15036,15273,15501,15725,15949,16176,16409,16644,16878,17107,17326,17536,17737,17925,18094,18243,18367,18471,18565,18663,18778,18912,19062,19224,19387,19545,19696,19842,19984,20124,20262,20398,20533,20663,20789,20908,21021,21128,21229,21324,21413
Burkina Faso,854,4284,4324,4367,4413,4463,4517,4575,4636,4699,4764,4829,4895,4960,5028,5099,5175,5256,5343,5434,5528,5625,5723,5825,5930,6040,6155,6274,6399,6531,6672,6823,6985,7158,7341,7531,7728,7931,8140,8356,8580,8811,9050,9297,9552,9817,10090,10373,10666,10969,11283,11608,11945,12293,12655,13031,13422,13829,14252,14690,15141,15605,16082,16571,17073,17586,18111,18646,19193,19751,20321,20903
Mali,466,4708,4759,4811,4865,4920,4975,5032,5090,5147,5205,5264,5322,5381,5442,5504,5568,5636,5706,5781,5861,5949,6045,6147,6256,6368,6482,6597,6712,6831,6956,7090,7235,7389,7545,7695,7832,7953,8062,8172,8297,8450,8636,8850,9087,9335,9586,9838,10094,10361,10643,10946,11272,11617,11983,12369,12776,13203,13651,14114,14581,15049,15515,15979,16450,16934,17439,17965,18512,19078,19658,20251
Romania,642,16236,16513,16765,17006,17244,17484,17727,17968,18203,18420,18614,18780,18924,19060,19207,19380,19582,19811,20056,20305,20549,20784,21011,21233,21450,21666,21879,22088,22286,22463,22616,22737,22831,22907,22984,23071,23175,23288,23394,23466,23489,23457,23376,23257,23116,22965,22806,22638,22466,22298,22137,21989,21853,21720,21578,21417,21234,21034,20830,20638,20472,20337,20227,20133,20036,19925,19796,19654,19506,19365,19238
Malawi,454,2954,3012,3072,3136,3202,3271,3342,3417,3495,3576,3660,3748,3839,3934,4032,4134,4240,4350,4464,4582,4704,4829,4959,5093,5235,5385,5546,5718,5897,6075,6250,6412,6566,6738,6965,7268,7666,8141,8637,9076,9404,9600,9686,9710,9746,9844,10023,10265,10552,10854,11149,11432,11714,12000,12302,12626,12974,13342,13728,14128,14540,14962,15396,15839,16290,16745,17205,17670,18143,18629,19130
Chile,152,6599,6730,6870,7016,7168,7323,7480,7639,7801,7965,8133,8304,8477,8650,8822,8990,9153,9312,9469,9625,9783,9943,10104,10266,10429,10592,10757,10923,11089,11255,11419,11582,11744,11908,12078,12257,12446,12643,12848,13059,13275,13495,13720,13945,14166,14381,14587,14786,14978,15163,15342,15516,15684,15850,16015,16183,16355,16530,16708,16886,17063,17234,17400,17572,17759,17969,18209,18470,18729,18952,19116
Kazakhstan,398,6703,6812,7007,7269,7582,7933,8309,8702,9107,9519,9935,10349,10757,11148,11512,11842,12133,12386,12611,12825,13036,13250,13464,13673,13870,14050,14212,14360,14500,14643,14796,14959,15128,15303,15483,15666,15853,16039,16206,16327,16384,16373,16303,16181,16022,15839,15632,15406,15190,15021,14923,14910,14976,15100,15250,15403,15551,15702,15862,16043,16252,16491,16752,17026,17303,17572,17831,18080,18320,18551,18777
Zambia,894,2310,2369,2431,2498,2570,2645,2724,2806,2892,2980,3071,3164,3261,3360,3463,3570,3682,3798,3919,4046,4179,4319,4466,4620,4779,4943,5113,5288,5468,5656,5852,6055,6266,6482,6702,6923,7147,7373,7598,7820,8037,8247,8451,8656,8870,9097,9340,9598,9866,10141,10416,10692,10972,11257,11551,11856,12174,12503,12849,13215,13606,14023,14465,14927,15400,15879,16363,16854,17352,17861,18384
Guatemala,320,3115,3212,3312,3413,3518,3625,3736,3850,3968,4088,4211,4336,4464,4596,4731,4870,5013,5161,5312,5466,5622,5780,5942,6105,6269,6434,6599,6766,6934,7106,7283,7466,7655,7847,8043,8240,8439,8639,8843,9050,9264,9483,9709,9939,10172,10408,10647,10888,11134,11387,11651,11925,12209,12500,12797,13096,13397,13700,14006,14316,14630,14949,15271,15596,15923,16252,16583,16915,17248,17581,17916
Ecuador,218,3470,3561,3655,3752,3852,3957,4065,4178,4296,4418,4544,4674,4809,4949,5094,5244,5399,5560,5725,5895,6069,6247,6429,6615,6803,6994,7188,7384,7582,7784,7989,8198,8409,8625,8843,9066,9292,9522,9756,9992,10231,10472,10716,10961,11208,11455,11703,11951,12198,12442,12681,12915,13143,13370,13596,13826,14059,14297,14536,14774,15011,15244,15474,15707,15952,16212,16491,16785,17084,17374,17643
Syrian Arab Republic,760,3413,3499,3591,3691,3798,3911,4032,4159,4292,4430,4574,4722,4875,5035,5200,5373,5553,5741,5936,6139,6351,6571,6800,7038,7283,7536,7795,8061,8336,8626,8931,9253,9590,9939,10293,10649,11004,11361,11719,12080,12446,12815,13188,13565,13950,14345,14754,15175,15600,16014,16411,16767,17085,17415,17828,18361,19059,19878,20664,21206,21363,21082,20439,19578,18711,17997,17466,17096,16945,17070,17501
Netherlands,528,10042,10168,10298,10432,10570,10710,10852,10997,11144,11295,11449,11606,11767,11928,12089,12248,12404,12557,12707,12855,13002,13148,13292,13431,13562,13683,13793,13893,13984,14069,14148,14224,14295,14365,14438,14514,14596,14683,14774,14869,14965,15065,15166,15268,15369,15468,15563,15655,15746,15836,15926,16018,16110,16201,16287,16367,16440,16507,16568,16626,16683,16738,16792,16844,16893,16938,16981,17021,17060,17097,17135
Senegal,686,2487,2545,2607,2671,2738,2808,2882,2958,3038,3121,3207,3295,3387,3482,3580,3683,3789,3900,4014,4133,4258,4388,4523,4661,4797,4930,5057,5182,5307,5439,5583,5740,5910,6090,6277,6471,6671,6876,7087,7304,7526,7756,7990,8227,8461,8690,8913,9131,9348,9569,9798,10036,10284,10541,10810,11090,11382,11687,12005,12335,12678,13034,13402,13782,14175,14578,14994,15419,15854,16296,16744
Cambodia,116,4433,4538,4656,4783,4914,5045,5177,5308,5441,5579,5722,5873,6028,6184,6331,6467,6585,6686,6780,6881,6997,7140,7302,7449,7533,7524,7405,7196,6957,6770,6694,6750,6920,7170,7448,7715,7961,8198,8436,8691,8976,9289,9624,9971,10318,10656,10983,11299,11601,11886,12155,12405,12638,12856,13066,13273,13478,13680,13884,14094,14312,14541,14780,15026,15275,15521,15766,16009,16250,16487,16719
Chad,148,2502,2544,2589,2636,2685,2735,2786,2838,2891,2945,3002,3060,3121,3184,3247,3310,3372,3435,3499,3568,3644,3726,3815,3908,4000,4089,4173,4255,4337,4423,4514,4613,4718,4832,4958,5095,5247,5413,5590,5774,5963,6157,6357,6564,6781,7010,7251,7503,7770,8054,8356,8678,9019,9374,9735,10097,10457,10818,11184,11560,11952,12361,12785,13220,13664,14111,14562,15017,15478,15947,16426
Somalia,706,2264,2308,2352,2397,2444,2492,2541,2592,2645,2700,2756,2814,2874,2936,3001,3068,3144,3228,3313,3387,3445,3472,3480,3513,3633,3880,4279,4802,5375,5893,6281,6511,6608,6619,6615,6649,6737,6862,7005,7133,7225,7274,7295,7316,7373,7492,7683,7936,8235,8554,8872,9187,9501,9815,10130,10447,10764,11080,11397,11718,12044,12376,12715,13064,13424,13797,14186,14589,15008,15443,15893
Zimbabwe,716,2747,2832,2922,3016,3113,3213,3317,3425,3537,3654,3777,3905,4039,4179,4323,4471,4623,4780,4942,5111,5289,5477,5674,5878,6085,6294,6503,6713,6930,7160,7409,7676,7958,8255,8562,8877,9200,9527,9849,10154,10432,10681,10901,11093,11262,11411,11541,11653,11747,11823,11881,11924,11954,11982,12020,12077,12155,12256,12380,12527,12698,12894,13115,13350,13587,13815,14030,14237,14439,14645,14863
Guinea,324,3013,3054,3096,3138,3183,3230,3278,3330,3383,3438,3494,3552,3611,3673,3736,3802,3870,3941,4013,4085,4155,4223,4291,4357,4424,4491,4559,4629,4702,4782,4871,4970,5077,5195,5326,5471,5629,5801,5982,6167,6352,6535,6716,6897,7081,7270,7464,7662,7861,8055,8241,8417,8586,8753,8926,9110,9307,9518,9739,9964,10192,10420,10652,10893,11151,11432,11738,12068,12414,12771,13133
Rwanda,646,2186,2251,2314,2380,2450,2527,2610,2696,2782,2863,2936,2998,3053,3105,3164,3236,3322,3421,3530,3643,3757,3871,3987,4106,4232,4365,4506,4655,4813,4979,5153,5329,5505,5691,5903,6147,6444,6780,7088,7277,7289,7084,6702,6264,5936,5836,6013,6420,6963,7501,7934,8231,8427,8557,8681,8840,9043,9274,9525,9783,10039,10293,10550,10812,11084,11369,11669,11981,12302,12627,12952
Benin,204,2255,2258,2265,2274,2287,2304,2323,2346,2371,2400,2432,2466,2503,2543,2586,2632,2682,2735,2792,2851,2912,2977,3044,3114,3187,3265,3347,3433,3524,3619,3717,3820,3928,4040,4157,4279,4405,4535,4673,4820,4978,5149,5332,5522,5714,5906,6094,6282,6470,6664,6866,7077,7295,7521,7750,7982,8217,8455,8697,8945,9199,9461,9729,10005,10287,10576,10872,11175,11485,11801,12123
Burundi,108,2309,2360,2406,2449,2492,2537,2585,2636,2689,2743,2798,2852,2907,2964,3026,3094,3170,3253,3337,3414,3479,3530,3570,3605,3646,3701,3771,3854,3949,4051,4157,4267,4380,4498,4621,4751,4887,5027,5169,5307,5439,5565,5686,5798,5899,5987,6060,6122,6186,6267,6379,6526,6704,6909,7132,7365,7608,7862,8126,8398,8676,8958,9246,9540,9844,10160,10488,10827,11175,11531,11891
Tunisia,788,3605,3696,3773,3838,3894,3944,3989,4033,4077,4125,4178,4238,4305,4380,4461,4548,4641,4741,4845,4953,5064,5176,5291,5409,5531,5657,5786,5920,6060,6211,6374,6551,6741,6937,7135,7330,7518,7701,7880,8060,8243,8428,8614,8796,8968,9125,9267,9395,9510,9614,9708,9794,9871,9945,10022,10107,10201,10305,10414,10526,10635,10742,10847,10953,11063,11180,11304,11433,11565,11695,11819
Bolivia (Plurinational State of),68,3082,3124,3171,3221,3274,3331,3391,3454,3519,3587,3657,3729,3803,3879,3958,4039,4123,4209,4298,4389,4484,4582,4682,4786,4892,5001,5113,5228,5345,5462,5580,5697,5814,5933,6054,6179,6309,6443,6580,6721,6865,7011,7161,7313,7467,7622,7779,7937,8097,8257,8418,8580,8743,8906,9069,9232,9395,9558,9721,9885,10049,10213,10378,10542,10707,10870,11032,11193,11353,11513,11673
Belgium,56,8638,8680,8728,8779,8833,8887,8942,8998,9054,9110,9167,9225,9284,9340,9394,9444,9489,9529,9566,9600,9632,9663,9693,9721,9747,9772,9795,9817,9837,9854,9869,9881,9890,9898,9906,9917,9929,9942,9959,9980,10007,10039,10078,10119,10156,10186,10208,10224,10237,10255,10282,10319,10365,10419,10480,10547,10619,10698,10779,10860,10939,11014,11085,11154,11221,11288,11354,11420,11482,11539,11590
Haiti,332,3221,3274,3330,3389,3450,3514,3580,3649,3719,3792,3866,3942,4019,4098,4178,4259,4341,4425,4510,4594,4676,4757,4837,4919,5004,5095,5192,5295,5404,5520,5643,5773,5910,6052,6195,6337,6479,6619,6758,6898,7038,7179,7319,7461,7602,7745,7887,8031,8175,8319,8464,8609,8754,8900,9047,9195,9345,9495,9647,9798,9949,10100,10251,10401,10549,10696,10840,10982,11123,11263,11403
Cuba,192,5920,6050,6179,6304,6424,6539,6652,6765,6881,7005,7141,7291,7454,7623,7793,7958,8115,8266,8414,8561,8713,8868,9025,9179,9321,9446,9554,9646,9724,9791,9849,9899,9940,9981,10032,10098,10184,10287,10398,10504,10597,10674,10736,10789,10838,10888,10939,10990,11039,11085,11126,11165,11200,11229,11250,11262,11261,11251,11237,11227,11226,11237,11257,11283,11307,11325,11335,11339,11338,11333,11327
South Sudan,728,2482,2502,2525,2553,2585,2620,2658,2700,2745,2792,2843,2896,2951,3009,3070,3133,3199,3268,3340,3416,3494,3576,3661,3751,3844,3942,4042,4145,4253,4372,4503,4646,4799,4953,5096,5221,5328,5420,5485,5512,5493,5420,5305,5186,5111,5118,5222,5412,5662,5934,6199,6448,6688,6936,7213,7536,7907,8315,8737,9142,9508,9831,10114,10355,10555,10716,10833,10911,10976,11062,11194
Dominican Republic,214,2365,2439,2518,2601,2689,2781,2877,2976,3079,3185,3294,3406,3521,3638,3757,3878,4000,4123,4248,4373,4500,4627,4755,4884,5014,5145,5276,5407,5540,5672,5804,5936,6068,6200,6332,6464,6597,6730,6863,6998,7133,7270,7408,7546,7684,7819,7953,8084,8214,8343,8471,8599,8725,8850,8974,9097,9219,9339,9458,9577,9695,9813,9931,10048,10165,10282,10398,10513,10627,10739,10848
Czechia,203,8903,9007,9110,9206,9290,9362,9420,9468,9508,9548,9590,9638,9691,9742,9784,9811,9821,9817,9808,9805,9818,9847,9891,9946,10007,10070,10135,10201,10263,10314,10349,10366,10365,10354,10341,10331,10327,10327,10331,10336,10341,10346,10353,10359,10361,10358,10350,10338,10323,10306,10289,10271,10252,10239,10239,10258,10299,10358,10425,10488,10537,10567,10581,10587,10591,10601,10619,10641,10666,10689,10709
Greece,300,7669,7743,7814,7883,7948,8011,8071,8127,8180,8229,8274,8314,8351,8385,8419,8454,8490,8528,8569,8614,8664,8717,8775,8840,8919,9014,9127,9255,9389,9516,9627,9720,9797,9861,9916,9968,10015,10057,10101,10156,10226,10315,10420,10534,10645,10746,10832,10906,10970,11028,11082,11134,11182,11219,11235,11225,11185,11120,11040,10959,10888,10829,10781,10741,10701,10660,10615,10569,10522,10473,10423
Jordan,400,481,536,576,610,644,683,728,779,833,886,933,974,1011,1050,1102,1174,1267,1379,1500,1617,1721,1809,1884,1948,2008,2066,2123,2179,2238,2303,2378,2465,2564,2671,2784,2900,3015,3132,3257,3399,3566,3760,3978,4202,4410,4589,4733,4849,4944,5032,5122,5217,5318,5434,5580,5766,5992,6255,6556,6893,7262,7663,8090,8519,8919,9267,9554,9786,9965,10102,10203
Portugal,620,8417,8419,8452,8503,8564,8626,8683,8734,8778,8814,8845,8870,8889,8896,8888,8862,8815,8751,8688,8649,8651,8700,8789,8908,9040,9172,9302,9431,9553,9661,9751,9821,9871,9903,9921,9929,9926,9914,9899,9891,9895,9916,9951,9997,10045,10091,10134,10175,10214,10255,10297,10341,10386,10430,10471,10508,10543,10573,10595,10604,10596,10569,10526,10473,10418,10368,10326,10289,10256,10226,10197
Azerbaijan,31,2928,2987,3060,3143,3233,3329,3431,3537,3649,3768,3895,4030,4171,4315,4457,4593,4722,4844,4960,5072,5180,5285,5385,5483,5579,5674,5769,5863,5958,6054,6151,6249,6350,6452,6558,6666,6779,6893,7010,7127,7243,7358,7472,7582,7684,7775,7856,7926,7990,8054,8123,8197,8277,8361,8449,8539,8630,8724,8822,8924,9032,9146,9265,9385,9506,9623,9736,9845,9950,10048,10139
Sweden,752,7010,7073,7128,7176,7220,7263,7305,7347,7391,7436,7483,7530,7580,7631,7687,7746,7809,7876,7942,8003,8055,8096,8127,8152,8174,8197,8223,8251,8277,8300,8316,8325,8329,8332,8340,8358,8385,8421,8465,8514,8567,8625,8687,8747,8798,8836,8859,8869,8871,8873,8882,8898,8921,8951,8991,9039,9096,9163,9236,9313,9390,9467,9543,9618,9692,9765,9836,9905,9972,10036,10099
Honduras,340,1547,1589,1632,1677,1723,1771,1822,1873,1927,1982,2039,2096,2156,2217,2280,2346,2415,2486,2561,2638,2717,2798,2882,2969,3059,3153,3251,3353,3458,3567,3678,3793,3911,4031,4155,4281,4410,4542,4677,4815,4955,5099,5245,5394,5549,5709,5875,6046,6220,6397,6575,6752,6929,7106,7283,7459,7634,7809,7981,8151,8317,8481,8641,8799,8956,9113,9271,9429,9588,9746,9905
United Arab Emirates,784,70,67,69,73,77,80,82,83,84,87,92,101,112,125,138,150,160,170,183,203,235,277,331,395,467,548,638,735,835,932,1020,1097,1165,1228,1294,1366,1446,1534,1627,1726,1828,1937,2053,2173,2294,2415,2539,2671,2813,2966,3134,3303,3479,3712,4069,4588,5300,6169,7089,7917,8550,8947,9142,9198,9214,9263,9361,9487,9631,9771,9890
Hungary,348,9338,9481,9598,9693,9769,9828,9876,9913,9945,9973,10001,10030,10063,10097,10133,10170,10208,10249,10290,10329,10366,10398,10426,10454,10486,10527,10578,10637,10693,10735,10754,10746,10716,10669,10617,10566,10519,10475,10435,10402,10377,10363,10359,10359,10358,10349,10332,10308,10280,10249,10221,10193,10167,10141,10114,10086,10056,10024,9992,9959,9927,9896,9864,9834,9805,9778,9753,9730,9708,9685,9660
Tajikistan,762,1532,1585,1638,1690,1742,1794,1847,1902,1959,2021,2087,2159,2237,2318,2402,2488,2575,2662,2751,2840,2930,3020,3111,3203,3296,3391,3488,3587,3688,3794,3905,4021,4140,4265,4398,4538,4687,4844,5001,5150,5284,5401,5502,5593,5679,5765,5851,5938,6027,6120,6216,6319,6427,6542,6662,6789,6923,7063,7210,7365,7527,7698,7875,8060,8253,8454,8664,8880,9101,9321,9538
Belarus,112,7745,7699,7677,7680,7704,7747,7807,7879,7959,8042,8125,8204,8280,8353,8428,8506,8587,8671,8754,8836,8914,8987,9057,9123,9188,9253,9316,9379,9441,9505,9570,9636,9703,9770,9837,9901,9965,10026,10081,10124,10151,10161,10154,10135,10108,10078,10045,10009,9970,9924,9872,9811,9746,9679,9617,9562,9517,9481,9453,9433,9421,9415,9417,9424,9432,9439,9446,9450,9453,9452,9449
Austria,40,6936,6931,6931,6935,6943,6953,6968,6986,7008,7037,7071,7111,7157,7206,7256,7305,7352,7397,7440,7479,7516,7550,7581,7607,7626,7638,7641,7637,7628,7618,7610,7605,7602,7603,7607,7615,7625,7639,7659,7687,7724,7773,7831,7892,7947,7990,8018,8033,8041,8051,8069,8098,8134,8176,8217,8254,8285,8314,8342,8373,8410,8454,8502,8556,8615,8679,8747,8820,8891,8955,9006
Papua New Guinea,598,2002,2011,2024,2041,2062,2086,2114,2146,2180,2217,2256,2297,2340,2386,2434,2485,2540,2597,2657,2719,2783,2850,2918,2989,3063,3140,3220,3303,3389,3478,3571,3668,3768,3871,3976,4081,4186,4293,4399,4507,4616,4726,4836,4949,5066,5187,5314,5447,5582,5716,5848,5975,6099,6223,6354,6495,6647,6809,6976,7145,7311,7472,7631,7788,7947,8108,8272,8438,8606,8776,8947
Serbia,688,6732,6853,6963,7063,7153,7235,7309,7377,7440,7499,7557,7613,7670,7725,7781,7835,7889,7943,7998,8057,8120,8188,8261,8337,8416,8497,8580,8663,8747,8829,8908,8985,9058,9128,9193,9253,9306,9352,9397,9451,9518,9603,9701,9795,9862,9884,9856,9785,9685,9581,9488,9411,9346,9292,9243,9194,9146,9101,9060,9023,8991,8964,8940,8919,8898,8877,8854,8830,8803,8772,8737
Israel,376,1258,1345,1436,1525,1611,1692,1767,1839,1910,1983,2060,2145,2234,2325,2412,2490,2559,2619,2677,2740,2814,2900,2996,3099,3201,3297,3387,3472,3552,3628,3701,3771,3838,3904,3969,4035,4101,4167,4242,4334,4448,4589,4753,4929,5106,5271,5424,5567,5699,5825,5946,6061,6169,6278,6397,6529,6681,6847,7021,7190,7346,7487,7615,7735,7854,7978,8109,8244,8382,8519,8656
Switzerland,756,4668,4722,4781,4842,4900,4957,5012,5068,5128,5198,5281,5378,5487,5602,5713,5813,5899,5974,6038,6096,6151,6203,6251,6293,6322,6337,6336,6322,6302,6287,6284,6296,6321,6357,6396,6435,6473,6511,6551,6597,6653,6719,6793,6869,6938,6996,7038,7069,7092,7115,7144,7179,7220,7268,7324,7387,7458,7537,7623,7714,7809,7907,8008,8109,8206,8297,8380,8456,8526,8591,8655
Togo,768,1395,1425,1442,1452,1462,1474,1491,1512,1536,1560,1581,1598,1613,1632,1662,1709,1774,1855,1946,2035,2116,2186,2248,2303,2357,2410,2464,2518,2576,2643,2721,2812,2916,3027,3141,3253,3363,3472,3577,3679,3774,3863,3946,4029,4121,4226,4349,4486,4632,4780,4924,5063,5197,5331,5468,5612,5763,5920,6083,6251,6422,6596,6774,6955,7138,7323,7510,7698,7889,8082,8279
Sierra Leone,694,2041,2064,2088,2113,2139,2166,2194,2223,2253,2284,2318,2352,2389,2427,2467,2508,2552,2597,2644,2693,2745,2799,2855,2913,2974,3037,3103,3171,3241,3314,3388,3464,3540,3620,3708,3805,3917,4038,4157,4254,4320,4349,4348,4329,4310,4304,4313,4335,4381,4462,4585,4754,4966,5201,5434,5646,5829,5990,6134,6273,6416,6563,6713,6864,7017,7172,7329,7488,7650,7813,7977
"China, Hong Kong SAR",344,1974,2058,2150,2251,2359,2473,2591,2710,2828,2941,3046,3143,3230,3311,3390,3467,3546,3625,3703,3778,3849,3914,3974,4038,4114,4209,4326,4462,4607,4746,4869,4972,5058,5134,5208,5287,5373,5465,5557,5646,5728,5800,5865,5928,6000,6084,6186,6300,6417,6522,6606,6665,6702,6725,6745,6770,6802,6840,6882,6925,6966,7007,7047,7089,7135,7186,7244,7306,7372,7436,7497
Lao People's Democratic Republic,418,1683,1723,1764,1806,1848,1891,1935,1980,2026,2073,2121,2170,2221,2273,2327,2383,2439,2497,2557,2620,2688,2762,2841,2919,2991,3052,3099,3136,3169,3207,3258,3323,3401,3490,3586,3688,3794,3906,4021,4139,4258,4379,4500,4620,4736,4846,4951,5050,5145,5235,5324,5410,5493,5577,5662,5752,5846,5945,6047,6149,6249,6348,6445,6541,6640,6741,6846,6953,7061,7169,7276
Paraguay,600,1473,1512,1551,1591,1632,1674,1717,1761,1807,1855,1904,1955,2007,2060,2116,2172,2231,2291,2352,2413,2475,2536,2597,2659,2724,2791,2862,2936,3013,3095,3182,3273,3369,3469,3571,3676,3783,3892,4002,4112,4223,4334,4445,4556,4666,4777,4888,4998,5108,5216,5323,5428,5532,5633,5731,5824,5913,5998,6081,6164,6248,6334,6422,6510,6600,6689,6778,6867,6956,7045,7133
Bulgaria,100,7251,7311,7372,7435,7498,7561,7625,7689,7754,7819,7886,7953,8022,8091,8158,8223,8284,8343,8400,8455,8508,8559,8609,8656,8699,8738,8773,8802,8828,8853,8879,8905,8931,8953,8969,8975,8973,8961,8937,8898,8841,8767,8676,8576,8475,8379,8292,8212,8138,8067,7998,7931,7866,7804,7745,7687,7631,7577,7524,7474,7425,7379,7334,7290,7246,7200,7152,7102,7052,7000,6948
Libya,434,1125,1143,1164,1188,1215,1245,1279,1317,1358,1402,1448,1498,1551,1607,1668,1733,1804,1879,1959,2044,2134,2228,2327,2431,2537,2645,2755,2866,2979,3097,3219,3348,3480,3615,3747,3874,3995,4110,4220,4329,4437,4544,4651,4755,4855,4949,5036,5118,5197,5276,5358,5443,5531,5621,5710,5799,5887,5975,6059,6134,6198,6247,6286,6320,6362,6418,6492,6581,6679,6777,6871
Lebanon,422,1335,1358,1393,1435,1482,1532,1584,1637,1691,1747,1805,1865,1925,1985,2041,2092,2137,2175,2211,2250,2297,2354,2418,2482,2537,2576,2596,2602,2597,2591,2589,2594,2606,2622,2638,2652,2661,2668,2685,2726,2803,2922,3076,3246,3403,3528,3611,3658,3694,3748,3843,3991,4182,4388,4569,4699,4760,4767,4765,4813,4953,5202,5538,5913,6261,6533,6714,6819,6859,6856,6825
Nicaragua,558,1295,1332,1372,1415,1460,1508,1558,1610,1663,1717,1773,1830,1887,1946,2006,2068,2132,2197,2265,2334,2407,2481,2559,2639,2721,2807,2895,2985,3078,3171,3266,3360,3455,3550,3643,3734,3823,3910,3996,4083,4173,4268,4365,4462,4559,4652,4742,4828,4911,4991,5069,5145,5219,5292,5365,5439,5514,5590,5667,5746,5824,5903,5983,6062,6143,6223,6304,6385,6466,6546,6625
Kyrgyzstan,417,1740,1766,1795,1828,1864,1904,1947,1995,2047,2105,2170,2242,2319,2401,2485,2569,2653,2736,2817,2896,2970,3040,3106,3168,3230,3291,3353,3414,3477,3543,3611,3683,3757,3834,3913,3993,4075,4159,4239,4312,4373,4420,4454,4484,4519,4566,4629,4706,4787,4861,4921,4963,4991,5014,5039,5075,5124,5184,5255,5335,5422,5518,5622,5731,5845,5959,6074,6190,6304,6416,6524
El Salvador,222,2200,2238,2280,2327,2378,2433,2491,2554,2620,2691,2766,2847,2931,3019,3110,3201,3294,3387,3482,3577,3673,3770,3867,3964,4060,4155,4248,4338,4427,4511,4591,4666,4737,4805,4871,4937,5002,5068,5133,5201,5270,5342,5416,5490,5562,5629,5690,5746,5798,5845,5888,5927,5962,5994,6024,6052,6079,6106,6132,6158,6184,6211,6238,6266,6295,6325,6356,6388,6421,6454,6486
Turkmenistan,795,1211,1232,1258,1290,1325,1365,1407,1452,1500,1550,1603,1658,1715,1774,1833,1893,1952,2012,2072,2133,2195,2259,2324,2390,2457,2525,2594,2664,2735,2806,2877,2948,3019,3092,3166,3244,3324,3407,3494,3586,3684,3789,3900,4011,4115,4208,4287,4355,4413,4466,4516,4564,4610,4656,4703,4755,4810,4870,4936,5008,5087,5174,5268,5366,5466,5565,5662,5758,5851,5942,6031
Singapore,702,1022,1068,1120,1178,1240,1305,1373,1440,1508,1572,1633,1690,1741,1789,1835,1878,1919,1959,1997,2035,2072,2111,2150,2190,2226,2260,2289,2315,2341,2373,2412,2461,2518,2581,2644,2706,2762,2817,2873,2937,3013,3101,3200,3306,3416,3526,3638,3752,3861,3955,4029,4077,4104,4129,4177,4266,4402,4579,4776,4967,5131,5264,5369,5454,5526,5592,5654,5708,5758,5804,5850
Denmark,208,4268,4309,4346,4380,4412,4441,4468,4495,4522,4551,4581,4614,4649,4686,4724,4760,4796,4832,4866,4899,4931,4962,4991,5017,5041,5063,5081,5097,5110,5119,5124,5125,5123,5120,5116,5114,5115,5117,5122,5130,5141,5155,5172,5191,5211,5233,5255,5278,5300,5322,5341,5358,5373,5387,5403,5422,5444,5470,5498,5526,5555,5583,5611,5638,5664,5689,5711,5732,5752,5772,5792
Finland,246,4008,4050,4097,4144,4192,4238,4282,4324,4363,4400,4435,4468,4499,4527,4550,4569,4581,4589,4594,4601,4612,4629,4651,4675,4699,4719,4734,4747,4758,4771,4788,4810,4835,4862,4888,4911,4930,4946,4961,4977,4996,5019,5045,5072,5097,5119,5137,5152,5164,5176,5188,5200,5213,5227,5242,5259,5277,5298,5319,5342,5366,5390,5415,5439,5461,5481,5498,5511,5523,5532,5541
Congo,178,827,842,858,875,893,911,930,951,972,995,1018,1043,1069,1097,1125,1155,1187,1220,1254,1290,1327,1366,1407,1449,1492,1537,1582,1629,1677,1727,1778,1831,1885,1940,1997,2054,2112,2171,2231,2293,2357,2422,2490,2560,2632,2708,2786,2867,2952,3038,3127,3218,3310,3407,3510,3623,3745,3876,4011,4145,4274,4395,4510,4623,4737,4856,4981,5111,5244,5381,5518
Slovakia,703,3437,3511,3588,3665,3741,3815,3887,3955,4020,4081,4140,4196,4249,4299,4343,4383,4418,4449,4477,4506,4539,4576,4616,4659,4705,4753,4802,4852,4903,4952,4997,5037,5074,5107,5138,5167,5194,5220,5244,5267,5288,5309,5329,5347,5363,5375,5385,5391,5395,5398,5399,5400,5400,5400,5399,5399,5399,5399,5399,5401,5404,5409,5415,5422,5429,5436,5442,5448,5453,5457,5460
Norway,578,3265,3301,3334,3367,3399,3430,3462,3492,3523,3553,3583,3611,3639,3667,3695,3724,3754,3785,3816,3846,3876,3905,3934,3961,3986,4008,4027,4044,4059,4073,4086,4099,4112,4125,4138,4153,4169,4187,4206,4226,4247,4269,4293,4317,4342,4367,4393,4420,4447,4474,4499,4523,4546,4570,4598,4632,4673,4719,4771,4827,4886,4948,5014,5079,5142,5200,5251,5296,5338,5379,5421
Oman,512,456,462,469,477,486,496,506,516,528,539,552,565,579,593,609,625,642,660,680,701,724,749,776,807,842,882,927,978,1033,1092,1154,1221,1290,1361,1431,1498,1561,1620,1678,1741,1812,1894,1983,2072,2148,2204,2237,2250,2252,2255,2268,2295,2335,2386,2446,2511,2581,2657,2751,2876,3041,3251,3498,3765,4027,4267,4479,4666,4829,4975,5107
State of Palestine,275,932,924,932,949,969,988,1004,1018,1032,1048,1069,1097,1129,1159,1182,1191,1185,1166,1142,1126,1127,1146,1182,1229,1279,1324,1364,1400,1435,1471,1511,1554,1601,1651,1704,1760,1818,1880,1946,2020,2101,2191,2288,2391,2502,2619,2743,2872,3001,3120,3224,3310,3380,3442,3505,3578,3662,3756,3857,3958,4056,4150,4242,4334,4429,4529,4636,4747,4863,4981,5101
Costa Rica,188,946,972,1002,1036,1072,1110,1150,1192,1236,1283,1331,1381,1433,1487,1540,1593,1645,1697,1748,1798,1847,1896,1944,1993,2042,2094,2149,2206,2265,2326,2390,2456,2523,2593,2664,2737,2810,2885,2961,3039,3119,3202,3287,3372,3459,3546,3632,3719,3804,3885,3962,4034,4101,4164,4225,4286,4345,4405,4463,4521,4577,4633,4688,4742,4795,4848,4899,4950,4999,5048,5094
Liberia,430,930,944,959,975,993,1011,1031,1052,1073,1096,1119,1142,1167,1192,1218,1245,1273,1303,1334,1367,1401,1437,1475,1514,1556,1600,1646,1692,1741,1794,1853,1919,1989,2057,2112,2146,2158,2153,2134,2106,2076,2040,2002,1977,1986,2045,2160,2326,2517,2700,2848,2954,3025,3077,3136,3218,3329,3462,3608,3754,3891,4017,4136,4248,4360,4472,4587,4702,4819,4937,5058
Ireland,372,2913,2913,2909,2901,2889,2873,2855,2835,2816,2801,2791,2789,2792,2801,2812,2824,2835,2846,2861,2881,2908,2944,2987,3034,3085,3137,3190,3243,3294,3342,3385,3422,3454,3479,3499,3511,3516,3516,3512,3510,3511,3518,3530,3547,3568,3592,3620,3651,3688,3731,3783,3842,3908,3980,4058,4141,4231,4325,4416,4495,4554,4591,4608,4615,4627,4652,4696,4753,4819,4882,4938
Central African Republic,140,1327,1342,1356,1371,1385,1401,1418,1437,1457,1479,1502,1526,1552,1579,1609,1640,1673,1708,1744,1779,1811,1841,1868,1895,1924,1958,1997,2040,2088,2141,2199,2264,2335,2408,2478,2542,2598,2647,2694,2746,2807,2879,2959,3046,3135,3223,3308,3392,3475,3558,3640,3722,3802,3881,3960,4038,4118,4198,4273,4338,4387,4419,4436,4448,4464,4493,4538,4596,4666,4745,4830
New Zealand,554,1908,1948,1993,2040,2088,2136,2183,2230,2276,2323,2373,2424,2477,2530,2581,2627,2667,2703,2737,2774,2818,2871,2930,2989,3042,3083,3109,3122,3129,3135,3147,3165,3189,3216,3243,3268,3290,3311,3333,3361,3398,3446,3503,3564,3623,3675,3717,3752,3784,3818,3859,3908,3963,4022,4080,4135,4186,4233,4278,4323,4370,4419,4468,4519,4568,4615,4659,4702,4743,4783,4822
Mauritania,478,651,667,683,700,719,738,759,780,803,826,850,876,902,929,957,986,1016,1047,1080,1113,1147,1182,1217,1254,1292,1331,1370,1411,1453,1496,1541,1586,1634,1682,1731,1780,1830,1880,1930,1982,2034,2088,2143,2199,2256,2314,2373,2434,2496,2562,2630,2702,2778,2857,2939,3024,3112,3203,3296,3393,3494,3599,3707,3817,3931,4046,4164,4283,4403,4526,4650
Panama,591,860,881,904,929,954,981,1009,1038,1069,1100,1133,1167,1202,1239,1276,1315,1354,1394,1435,1476,1519,1563,1608,1653,1699,1745,1791,1838,1884,1931,1978,2026,2074,2122,2170,2219,2269,2318,2369,2419,2471,2523,2576,2630,2684,2740,2796,2854,2912,2971,3030,3090,3149,3209,3269,3330,3392,3454,3516,3579,3643,3706,3771,3835,3901,3968,4037,4107,4177,4246,4315
Kuwait,414,153,158,163,168,174,182,192,205,222,243,269,301,337,379,424,472,523,577,633,689,744,799,852,906,962,1022,1086,1154,1224,1296,1369,1439,1508,1577,1652,1735,1832,1939,2035,2093,2095,2031,1912,1773,1659,1606,1627,1710,1831,1952,2045,2103,2137,2162,2200,2270,2374,2504,2656,2821,2992,3168,3349,3526,3691,3836,3957,4056,4137,4207,4271
Croatia,191,3850,3886,3923,3959,3995,4030,4065,4098,4130,4162,4193,4223,4251,4279,4305,4329,4351,4371,4389,4407,4423,4439,4454,4469,4485,4501,4518,4536,4555,4576,4598,4621,4645,4670,4693,4716,4738,4758,4774,4781,4776,4760,4733,4698,4658,4617,4575,4532,4492,4456,4428,4408,4396,4389,4384,4378,4371,4362,4353,4341,4328,4313,4296,4277,4256,4233,4209,4183,4156,4130,4105
Republic of Moldova,498,2341,2381,2432,2491,2556,2627,2701,2777,2854,2930,3004,3077,3147,3213,3276,3337,3393,3446,3496,3546,3596,3647,3698,3749,3797,3840,3878,3912,3943,3976,4011,4050,4091,4134,4176,4216,4255,4290,4322,4348,4366,4375,4377,4371,4359,4341,4316,4286,4255,4226,4203,4187,4178,4173,4168,4159,4146,4130,4113,4098,4086,4079,4076,4075,4073,4071,4066,4060,4052,4043,4034
Georgia,268,3527,3556,3589,3626,3667,3713,3764,3819,3878,3941,4008,4077,4149,4222,4297,4372,4447,4522,4593,4658,4713,4758,4794,4822,4848,4874,4900,4927,4956,4986,5018,5051,5085,5122,5164,5211,5267,5327,5381,5412,5410,5373,5304,5209,5097,4976,4847,4710,4575,4457,4362,4297,4259,4239,4226,4210,4190,4167,4143,4119,4099,4081,4064,4049,4035,4024,4015,4009,4003,3997,3989
Eritrea,232,822,835,849,865,882,900,919,939,961,983,1008,1033,1060,1089,1118,1148,1179,1210,1243,1276,1311,1347,1385,1424,1464,1505,1548,1592,1637,1684,1733,1785,1837,1891,1946,2004,2065,2127,2186,2231,2259,2266,2258,2239,2218,2204,2196,2195,2206,2237,2292,2375,2481,2601,2720,2827,2918,2997,3063,3120,3170,3214,3250,3281,3311,3343,3377,3413,3453,3497,3546
Uruguay,858,2239,2261,2286,2313,2342,2373,2404,2437,2471,2505,2539,2572,2604,2635,2665,2695,2723,2750,2775,2795,2810,2818,2821,2822,2824,2830,2841,2857,2876,2896,2915,2935,2954,2973,2992,3012,3031,3050,3069,3089,3110,3132,3154,3178,3201,3224,3247,3270,3291,3308,3320,3325,3326,3324,3321,3322,3325,3332,3340,3350,3359,3369,3379,3389,3400,3412,3424,3437,3449,3462,3474
Bosnia and Herzegovina,70,2661,2711,2765,2821,2879,2936,2993,3050,3107,3165,3226,3289,3353,3418,3479,3536,3587,3633,3675,3717,3761,3805,3851,3897,3942,3985,4025,4063,4100,4139,4180,4222,4265,4308,4351,4392,4436,4480,4509,4508,4463,4369,4234,4079,3937,3829,3764,3736,3734,3743,3751,3756,3759,3762,3764,3765,3765,3763,3754,3736,3705,3661,3605,3543,3482,3429,3386,3352,3324,3301,3281
Mongolia,496,780,794,808,823,839,855,872,890,910,931,956,982,1011,1042,1075,1107,1140,1173,1207,1242,1279,1317,1357,1397,1438,1480,1521,1562,1604,1646,1690,1733,1778,1823,1871,1922,1976,2033,2090,2141,2184,2218,2243,2263,2280,2298,2317,2336,2356,2376,2397,2420,2443,2469,2496,2526,2559,2594,2632,2674,2720,2770,2825,2882,2940,2998,3056,3114,3170,3225,3278
Armenia,51,1354,1382,1418,1461,1510,1564,1621,1681,1743,1808,1874,1941,2010,2078,2145,2211,2276,2339,2401,2463,2525,2588,2650,2713,2774,2833,2890,2944,2997,3049,3100,3148,3194,3239,3286,3336,3392,3452,3505,3536,3538,3505,3443,3363,3284,3217,3168,3133,3109,3089,3070,3051,3034,3018,3001,2981,2958,2933,2908,2888,2877,2877,2884,2898,2912,2926,2936,2945,2952,2958,2963
Jamaica,388,1403,1437,1468,1496,1520,1541,1559,1576,1592,1609,1629,1651,1677,1704,1731,1757,1781,1803,1826,1850,1876,1904,1935,1967,1998,2028,2055,2081,2106,2133,2163,2197,2234,2272,2306,2336,2358,2375,2389,2403,2420,2439,2461,2485,2509,2534,2559,2584,2609,2633,2655,2675,2693,2709,2725,2740,2754,2768,2782,2796,2810,2826,2842,2859,2875,2891,2906,2921,2935,2948,2961
Qatar,634,25,27,30,32,34,36,38,39,42,44,47,51,56,62,68,74,80,86,93,101,110,119,131,142,154,164,174,182,192,205,224,248,277,309,341,371,398,422,444,462,476,487,495,501,507,513,523,535,552,570,592,615,641,682,753,865,1023,1218,1437,1655,1856,2036,2196,2337,2459,2566,2654,2725,2782,2832,2881
Albania,8,1263,1287,1316,1348,1383,1420,1459,1500,1543,1589,1636,1686,1738,1791,1844,1896,1948,1999,2049,2100,2151,2202,2254,2306,2359,2412,2465,2519,2573,2628,2683,2737,2790,2845,2904,2970,3044,3125,3201,3258,3286,3280,3246,3195,3147,3113,3099,3100,3111,3123,3129,3130,3126,3118,3105,3087,3063,3034,3003,2973,2948,2929,2914,2904,2896,2891,2886,2884,2883,2881,2878
Puerto Rico,630,2218,2194,2183,2182,2187,2196,2207,2221,2240,2264,2295,2334,2378,2425,2470,2508,2538,2561,2581,2604,2632,2666,2706,2750,2797,2845,2895,2946,2997,3046,3091,3132,3168,3202,3233,3263,3292,3319,3346,3373,3403,3435,3469,3503,3537,3568,3596,3622,3644,3660,3669,3670,3664,3654,3642,3632,3624,3616,3608,3597,3580,3560,3537,3504,3454,3382,3283,3164,3040,2933,2861
Lithuania,440,2567,2570,2578,2591,2609,2629,2652,2677,2705,2736,2770,2807,2846,2887,2927,2966,3003,3037,3071,3104,3137,3170,3204,3237,3269,3299,3327,3354,3380,3405,3431,3456,3481,3507,3533,3562,3594,3627,3658,3683,3696,3697,3688,3671,3649,3627,3604,3580,3555,3529,3502,3474,3445,3414,3381,3344,3303,3259,3213,3167,3124,3083,3046,3009,2971,2932,2890,2845,2801,2760,2722
Namibia,516,514,524,534,545,556,568,580,593,606,620,634,649,665,682,699,717,735,754,773,795,817,842,869,896,923,948,971,993,1014,1035,1058,1081,1105,1132,1162,1198,1240,1287,1337,1386,1433,1476,1517,1555,1592,1628,1663,1698,1732,1764,1795,1824,1852,1879,1908,1938,1971,2007,2043,2081,2119,2157,2195,2234,2273,2315,2358,2403,2448,2495,2541
Gambia,270,305,309,314,318,324,330,336,343,350,358,365,372,380,388,396,405,415,427,439,451,464,478,492,507,523,540,558,577,597,617,637,658,678,700,726,756,791,831,873,916,956,993,1027,1061,1094,1129,1164,1201,1238,1277,1318,1360,1404,1450,1497,1544,1591,1640,1689,1740,1793,1848,1905,1964,2024,2086,2149,2214,2280,2348,2417
Botswana,72,413,424,435,445,455,463,471,479,486,494,503,513,524,536,548,560,572,584,597,611,628,646,667,690,715,741,770,801,832,865,898,930,963,996,1031,1070,1111,1155,1200,1244,1287,1326,1364,1399,1434,1469,1505,1540,1576,1610,1643,1675,1705,1734,1766,1799,1836,1875,1916,1953,1987,2015,2040,2063,2089,2121,2160,2205,2254,2304,2352
Gabon,266,473,476,479,481,482,484,487,489,493,497,501,506,511,518,525,533,543,554,566,578,589,601,612,623,635,648,661,676,692,709,726,745,764,784,805,827,850,874,898,924,949,976,1003,1030,1057,1085,1113,1141,1170,1199,1228,1258,1288,1320,1354,1391,1430,1473,1519,1569,1624,1685,1750,1817,1884,1948,2008,2065,2119,2173,2226
Lesotho,426,705,717,729,741,754,767,780,794,808,822,837,853,869,886,904,922,942,962,984,1006,1029,1053,1077,1103,1131,1161,1194,1229,1265,1303,1340,1378,1415,1453,1490,1526,1562,1596,1631,1667,1704,1743,1782,1822,1861,1899,1934,1968,1998,2020,2033,2036,2030,2018,2006,1996,1990,1987,1987,1990,1996,2004,2015,2029,2043,2059,2075,2092,2108,2125,2142
North Macedonia,807,1254,1290,1321,1347,1371,1392,1413,1432,1451,1470,1489,1508,1527,1547,1569,1592,1618,1645,1672,1698,1721,1740,1755,1769,1784,1803,1826,1851,1878,1903,1924,1942,1955,1966,1974,1982,1988,1992,1996,1997,1996,1993,1989,1984,1982,1983,1989,2000,2012,2024,2035,2043,2049,2053,2057,2060,2063,2065,2067,2069,2071,2072,2074,2076,2078,2079,2081,2082,2083,2083,2083
Slovenia,705,1473,1482,1492,1503,1515,1527,1540,1552,1564,1576,1587,1597,1606,1614,1622,1629,1637,1644,1651,1660,1670,1681,1695,1710,1726,1743,1760,1777,1796,1815,1836,1858,1881,1904,1925,1945,1963,1978,1991,2001,2006,2008,2005,2001,1995,1991,1989,1987,1987,1988,1988,1987,1987,1988,1990,1995,2002,2012,2023,2034,2043,2051,2058,2063,2067,2071,2074,2076,2078,2079,2079
Guinea-Bissau,624,535,544,553,560,568,576,584,593,601,609,616,623,629,635,642,650,659,669,680,692,705,718,733,746,758,766,770,772,772,775,782,794,810,830,851,872,893,913,933,954,975,998,1020,1043,1066,1089,1111,1133,1154,1177,1201,1227,1254,1283,1313,1345,1378,1412,1447,1484,1523,1563,1605,1648,1692,1737,1782,1828,1874,1921,1968
Latvia,428,1927,1934,1946,1962,1980,2002,2025,2049,2075,2102,2130,2158,2186,2214,2241,2267,2291,2315,2336,2357,2378,2398,2418,2437,2454,2469,2482,2493,2503,2512,2521,2531,2540,2551,2564,2581,2602,2627,2650,2664,2664,2649,2620,2583,2544,2508,2479,2453,2431,2408,2384,2359,2333,2306,2279,2252,2225,2198,2171,2145,2119,2094,2069,2045,2021,1998,1974,1951,1928,1907,1886
Bahrain,48,116,117,120,123,128,134,139,145,151,157,162,168,173,178,183,187,192,196,201,206,213,220,229,240,252,267,284,303,323,343,360,374,386,396,407,419,433,449,465,481,496,510,523,536,550,564,579,595,614,637,665,698,735,779,830,889,958,1036,1115,1185,1241,1278,1300,1315,1336,1372,1426,1494,1569,1641,1702
Equatorial Guinea,226,226,231,234,236,238,240,242,245,248,252,255,259,262,266,271,276,284,292,299,304,304,299,290,278,266,256,248,242,240,242,250,264,285,308,332,352,369,383,395,407,419,433,447,463,479,497,516,536,558,582,606,632,658,687,717,750,784,822,861,902,944,987,1031,1076,1122,1169,1215,1262,1309,1356,1403
Trinidad and Tobago,780,646,659,676,695,717,740,763,786,808,829,848,865,879,892,903,912,919,925,931,937,945,956,968,982,996,1011,1025,1039,1054,1069,1085,1102,1120,1138,1155,1170,1183,1195,1204,1213,1221,1229,1237,1244,1250,1254,1258,1260,1262,1264,1267,1272,1277,1284,1290,1296,1303,1308,1314,1321,1328,1336,1345,1354,1362,1370,1378,1384,1390,1395,1399
Estonia,233,1101,1113,1125,1137,1148,1159,1170,1181,1192,1204,1217,1231,1245,1260,1275,1290,1305,1319,1333,1347,1360,1373,1386,1398,1410,1422,1433,1444,1454,1464,1474,1484,1493,1501,1511,1522,1536,1551,1564,1570,1565,1548,1521,1488,1457,1433,1418,1410,1406,1404,1399,1392,1383,1373,1364,1356,1349,1344,1340,1336,1332,1328,1323,1319,1316,1315,1317,1319,1323,1326,1327
Timor-Leste,626,415,419,423,428,433,439,445,452,459,467,475,483,492,501,510,520,529,539,549,560,572,585,600,614,625,629,627,620,610,602,600,604,613,627,642,657,672,686,702,719,738,760,783,807,828,844,855,862,867,873,884,901,923,947,972,995,1016,1036,1055,1074,1094,1113,1133,1153,1174,1196,1219,1243,1268,1293,1318
Mauritius,480,493,506,521,537,554,571,588,605,623,641,660,679,698,717,736,753,770,785,799,813,826,840,852,865,878,892,907,922,938,953,966,978,989,999,1008,1016,1023,1030,1037,1046,1056,1068,1083,1099,1114,1129,1142,1154,1165,1176,1185,1194,1202,1209,1216,1222,1228,1234,1239,1244,1248,1251,1253,1255,1257,1259,1262,1264,1267,1270,1272
Cyprus,196,494,500,507,513,521,530,540,549,559,567,573,576,578,578,579,581,585,591,598,606,614,621,628,635,642,650,658,666,673,680,685,689,692,694,698,704,712,723,736,751,767,783,801,819,837,855,873,891,909,926,943,960,977,994,1010,1028,1046,1064,1082,1098,1113,1125,1135,1144,1152,1161,1170,1180,1189,1199,1207
Eswatini,748,273,279,285,291,297,303,309,316,323,330,337,343,350,357,365,374,384,395,407,419,431,444,457,471,485,500,516,532,550,568,588,608,630,652,675,699,724,749,774,798,822,845,867,888,908,927,946,963,980,994,1005,1014,1019,1023,1026,1031,1036,1043,1050,1057,1065,1072,1079,1087,1095,1104,1114,1125,1136,1148,1160
Djibouti,262,62,63,65,66,68,70,71,74,76,80,84,89,94,101,108,115,123,131,140,150,160,169,179,191,205,224,249,277,308,336,359,375,385,394,406,426,454,490,529,564,590,607,615,619,622,630,644,661,680,700,718,733,747,760,772,783,795,805,816,828,840,854,868,883,899,914,929,944,959,974,988
Fiji,242,289,296,305,314,325,335,346,357,368,381,393,407,422,436,451,464,476,488,499,510,521,532,543,554,565,577,588,598,609,622,635,651,668,685,700,712,719,722,723,725,729,735,744,755,766,775,784,793,800,806,811,814,815,816,818,822,828,836,845,854,860,863,865,866,866,869,872,877,883,890,896
RÃ©union,638,248,259,268,277,284,292,300,308,317,326,336,345,355,366,378,391,405,421,437,451,462,470,475,479,482,485,488,492,497,502,509,517,527,537,548,559,569,579,589,599,611,622,635,648,661,674,686,699,712,724,737,749,760,771,782,792,801,809,816,824,831,837,844,851,857,863,870,876,883,889,895
Comoros,174,159,163,167,170,173,176,179,182,185,188,191,194,197,200,204,207,211,216,221,225,230,235,239,244,250,257,266,276,287,297,308,318,327,336,345,355,366,377,388,400,412,424,436,449,462,475,489,502,515,529,542,556,569,583,597,612,626,642,657,673,690,707,724,742,759,777,796,814,832,851,870
Guyana,328,407,419,433,448,465,483,500,518,536,554,572,589,606,623,638,652,665,676,686,696,705,714,722,730,738,746,754,762,770,776,780,782,781,779,775,770,764,757,751,746,743,744,749,754,759,761,761,758,754,750,747,745,745,745,746,746,746,746,747,748,749,752,755,759,763,767,771,775,779,783,787
Bhutan,64,177,181,185,189,193,197,202,207,212,218,223,229,235,241,247,254,262,270,279,288,297,307,317,327,337,348,360,371,383,395,407,418,429,440,451,464,479,494,510,522,531,535,535,533,532,535,541,552,564,578,591,604,616,628,639,649,657,665,672,678,686,693,702,710,719,728,737,746,754,763,772
Solomon Islands,90,90,92,94,97,99,102,105,108,111,114,118,121,125,129,133,137,141,145,150,155,160,166,173,179,186,193,201,208,215,223,231,238,246,255,263,271,279,287,295,303,312,321,330,340,349,359,370,380,391,402,413,424,435,447,459,470,481,492,503,515,528,542,556,571,587,603,619,636,653,670,687
"China, Macao SAR",446,196,200,201,199,195,189,183,177,172,168,168,170,176,184,194,203,213,223,233,241,246,249,249,247,244,242,239,237,235,235,238,243,251,261,272,283,296,308,321,333,344,354,362,370,378,386,393,401,410,418,428,438,449,460,472,483,494,505,515,526,538,551,564,577,590,602,613,623,632,640,649
Montenegro,499,395,401,411,422,433,444,453,462,470,478,487,498,510,521,529,534,534,530,525,521,520,523,529,538,547,554,560,566,570,575,581,588,595,603,609,614,616,617,616,615,615,616,617,619,620,620,620,618,616,615,614,613,613,614,615,616,618,620,621,623,624,625,626,626,627,627,627,628,628,628,628
Luxembourg,442,296,298,300,302,303,305,307,309,310,312,315,317,321,324,327,330,332,334,336,338,340,342,345,348,351,354,357,359,361,363,364,365,365,365,366,367,369,371,374,378,382,386,391,397,402,408,414,420,426,431,436,440,444,447,452,458,466,475,485,497,508,519,531,543,555,567,579,592,604,616,626
Western Sahara,732,14,16,18,19,20,21,23,25,27,30,33,36,39,42,46,51,57,63,69,74,77,76,73,70,70,75,86,101,119,137,151,161,168,173,177,182,189,195,203,210,217,224,232,239,247,256,264,273,283,297,314,337,363,391,417,438,452,462,469,474,480,488,496,505,515,526,539,553,567,582,597
Suriname,740,215,222,229,236,242,249,256,264,272,280,288,296,304,312,320,329,338,348,357,364,368,369,368,365,362,359,358,358,358,359,360,360,361,362,365,369,374,381,389,397,405,413,421,428,435,442,448,454,460,465,471,477,482,488,494,499,505,511,517,523,529,535,541,547,553,559,565,571,576,581,587
Cabo Verde,132,178,186,191,195,196,197,197,198,198,199,202,205,210,216,223,230,239,248,256,263,269,271,272,271,270,270,271,273,276,280,284,289,294,300,306,312,317,321,326,331,338,346,356,366,376,386,396,404,413,420,428,436,443,450,457,463,469,475,481,487,493,499,505,512,518,525,531,537,544,550,556
Maldives,462,74,74,75,76,78,80,82,83,85,88,90,92,95,98,100,103,105,107,110,113,116,119,123,128,132,136,141,145,149,153,158,164,170,176,183,190,196,203,210,217,223,230,236,243,249,254,259,264,268,274,279,286,294,303,311,320,327,335,343,353,366,380,397,416,435,455,476,496,516,531,541
Malta,470,312,312,313,313,314,314,313,313,312,312,313,314,317,319,321,322,323,322,322,321,321,320,320,321,321,322,324,325,327,329,331,334,337,340,343,346,349,353,356,359,362,365,368,371,374,377,380,384,387,391,394,396,399,401,403,405,406,408,409,412,414,418,422,426,430,434,436,438,439,440,442
Brunei Darussalam,96,48,51,54,57,60,63,67,70,74,78,82,86,89,94,98,102,107,112,118,124,130,136,142,149,155,162,168,175,181,188,194,200,206,212,218,224,231,238,244,251,259,266,274,282,289,297,305,312,319,326,333,340,347,353,359,365,370,375,379,384,389,394,399,404,410,415,420,424,429,433,437
Guadeloupe,312,210,213,218,223,229,236,244,252,260,268,275,281,287,291,296,300,305,310,314,319,322,324,326,327,327,328,330,332,334,336,337,337,337,337,338,343,350,360,371,381,389,395,398,399,401,404,408,413,418,421,422,420,416,411,406,403,402,402,404,405,406,406,404,403,401,400,400,400,400,400,400
Belize,84,69,71,73,76,78,80,82,85,87,89,92,95,97,100,103,106,109,113,116,119,122,125,127,129,131,133,135,137,139,141,144,148,151,156,160,165,170,174,179,183,188,191,194,198,202,207,214,222,230,239,247,255,262,269,277,284,291,299,307,315,322,330,338,346,353,361,368,376,383,390,398
Bahamas,44,79,80,81,83,86,89,92,96,100,104,110,115,121,127,134,140,146,153,159,164,169,174,178,182,185,189,193,197,201,206,211,215,220,225,230,235,239,243,247,252,256,261,266,271,276,280,284,287,291,294,298,303,308,313,319,325,331,337,344,350,355,360,364,367,371,374,378,382,386,389,393
Martinique,474,222,224,228,233,239,246,253,260,267,274,282,288,295,301,306,311,315,319,321,323,325,326,327,328,328,328,327,326,325,325,325,327,329,333,336,340,344,348,352,355,358,361,363,364,366,369,372,376,380,384,387,390,393,395,396,397,398,398,398,397,395,392,388,385,381,378,377,376,376,376,375
Iceland,352,143,145,148,151,154,158,161,165,168,172,176,179,183,186,189,192,195,197,200,202,204,207,210,213,216,218,220,222,224,226,228,231,233,236,239,242,244,247,250,252,255,258,260,263,265,268,270,273,275,278,280,283,285,288,291,295,300,305,311,316,320,323,326,327,329,330,332,334,337,339,341
Vanuatu,548,48,49,50,52,53,55,57,58,60,62,64,66,68,70,72,74,76,79,81,83,85,88,91,94,97,100,103,106,109,113,116,119,121,124,127,130,133,136,139,143,147,151,155,160,164,168,172,175,178,181,185,189,194,199,204,209,214,219,225,230,236,243,250,257,264,271,278,285,293,300,307
French Guiana,254,25,26,27,27,28,28,29,30,30,31,32,33,34,36,37,39,41,42,44,46,48,50,51,53,55,56,58,60,62,64,67,70,73,77,82,86,92,98,104,110,116,121,125,129,133,137,142,146,151,157,163,170,179,187,195,203,210,216,222,228,233,238,244,249,255,261,268,275,283,291,299
Barbados,52,211,216,220,223,225,227,228,229,230,230,231,232,233,234,235,235,236,237,237,238,239,240,242,243,245,246,248,249,250,251,252,253,254,255,255,256,257,258,259,260,261,262,263,264,265,266,267,268,269,270,272,272,273,274,275,276,277,279,280,281,282,283,284,284,285,285,286,286,287,287,287
New Caledonia,540,65,64,64,65,66,68,69,71,73,76,78,81,83,86,89,91,94,96,99,102,105,110,115,120,126,130,134,137,140,143,145,147,150,152,154,156,158,161,164,167,170,174,179,183,188,193,198,203,208,213,217,221,225,229,233,236,240,243,247,250,254,257,261,264,268,271,274,277,280,283,285
French Polynesia,258,60,62,64,66,67,69,70,72,74,76,78,81,84,87,90,93,97,100,103,107,110,114,118,123,127,131,136,140,144,149,153,158,163,167,172,177,182,187,191,196,200,204,207,211,214,218,222,227,232,236,241,245,249,253,256,259,261,263,264,265,266,268,269,270,272,273,275,276,278,279,281
Mayotte,175,15,16,16,17,18,19,20,21,22,23,24,25,27,28,29,31,32,33,34,36,37,39,40,42,44,45,47,49,51,53,55,58,61,64,68,72,76,80,85,90,95,100,106,112,117,123,129,134,140,145,150,156,161,167,172,178,184,190,196,202,209,215,221,227,234,240,246,253,260,266,273
Sao Tome and Principe,678,60,59,59,58,58,59,60,61,62,64,64,65,64,64,64,65,66,68,70,73,75,76,78,79,81,83,85,88,91,93,96,98,99,101,103,105,107,110,113,116,119,122,125,127,129,132,134,136,138,140,142,145,147,150,154,157,162,166,171,176,180,185,188,192,196,199,203,207,211,215,219
Samoa,882,82,84,87,89,92,94,97,99,102,105,109,112,116,120,123,127,131,134,137,140,143,145,147,149,150,151,152,153,154,155,156,156,157,158,159,160,161,161,161,162,163,164,165,167,169,170,171,172,173,174,174,175,176,177,179,180,181,182,183,185,186,187,189,191,192,194,195,195,196,197,198
Saint Lucia,662,83,84,85,85,86,86,87,88,88,89,90,91,92,93,95,96,98,99,101,103,104,105,106,107,108,110,111,113,114,116,118,119,121,123,124,126,128,131,133,136,138,140,142,143,145,147,149,151,153,155,157,158,159,161,162,163,165,168,170,172,174,176,177,178,178,179,180,181,182,183,184
Channel Islands,830,102,103,104,104,105,106,106,107,108,109,109,110,111,113,114,115,116,117,119,120,121,122,124,125,126,126,127,127,127,128,128,129,130,131,132,134,135,137,138,140,141,141,142,142,143,143,144,145,147,148,148,149,150,150,151,152,153,155,156,158,160,161,162,163,164,165,167,169,170,172,174
Guam,316,60,60,61,61,62,63,63,64,65,66,67,68,70,71,73,75,77,78,80,82,84,86,88,89,91,93,95,97,100,102,104,106,109,111,114,117,119,122,125,128,130,134,137,140,143,146,148,150,152,154,155,156,157,158,158,158,159,159,159,159,159,160,160,160,161,162,163,164,166,167,169
CuraÃ§ao,531,100,105,108,112,114,117,119,121,123,125,127,128,130,131,132,134,136,138,140,142,144,145,147,149,150,150,150,150,149,148,148,148,149,150,150,150,150,149,148,147,147,146,146,146,145,144,142,140,137,134,132,130,129,128,129,130,133,137,141,145,149,152,155,157,158,160,161,162,163,163,164
Kiribati,296,33,34,34,35,36,37,37,38,39,40,41,42,43,44,45,46,47,48,49,50,51,52,53,54,54,55,56,57,58,58,59,60,61,62,63,64,66,67,69,71,72,74,75,76,77,78,79,80,82,83,84,86,87,89,90,92,94,97,99,101,103,105,106,108,109,111,113,114,116,118,119
Micronesia (Fed. States of),583,32,33,35,36,37,38,39,40,42,43,45,46,47,49,50,52,54,56,58,60,61,62,62,62,62,63,64,66,68,71,73,75,78,81,83,86,88,90,92,94,96,99,101,104,106,108,108,108,108,108,107,107,107,107,107,106,105,104,104,103,103,103,105,106,107,109,110,111,113,114,115
Grenada,308,77,77,77,78,80,81,83,85,87,88,90,91,92,93,94,95,95,95,95,95,94,94,94,94,93,92,91,90,89,89,89,91,93,96,98,100,100,99,98,97,96,96,97,98,99,100,101,102,102,102,103,103,104,104,104,105,105,105,105,106,106,107,107,108,109,110,110,111,111,112,113
Saint Vincent and the Grenadines,670,67,68,69,71,72,74,75,77,78,80,81,82,83,84,85,86,87,88,89,90,91,91,93,94,95,96,97,98,99,100,101,101,102,103,104,105,105,106,107,107,107,108,108,108,108,108,108,108,108,108,108,108,108,108,109,109,109,109,108,108,108,108,108,109,109,109,109,110,110,111,111
Aruba,533,38,38,39,40,42,44,46,48,51,53,54,55,56,57,57,57,58,58,58,59,59,59,60,60,61,61,61,60,60,60,60,61,61,62,63,63,63,62,61,61,62,65,68,72,77,80,83,85,87,89,91,93,95,97,99,100,101,101,101,101,102,102,103,103,104,104,105,105,106,106,107
Tonga,776,47,49,51,53,54,55,56,57,58,60,62,64,66,69,72,74,77,79,81,83,84,85,86,87,88,88,89,90,91,92,93,93,94,94,94,94,94,94,95,95,95,95,95,96,96,96,96,97,97,97,98,98,99,100,100,101,102,103,103,104,104,104,103,102,101,101,101,102,103,104,106
United States Virgin Islands,850,27,27,28,29,29,30,30,30,30,31,33,36,39,43,47,50,53,56,58,61,65,69,73,78,82,86,90,93,95,97,99,101,102,104,105,105,105,105,104,104,104,104,105,106,107,107,108,108,109,109,109,109,109,108,108,108,107,107,107,106,106,106,106,105,105,105,105,105,105,105,104
Seychelles,690,36,37,37,38,39,39,39,40,40,41,42,42,43,45,46,47,48,49,50,51,52,54,55,57,58,60,61,62,64,65,66,67,68,69,69,70,70,70,70,70,71,71,73,74,75,77,78,78,79,80,81,82,84,86,87,89,90,90,90,91,91,92,93,93,94,95,96,96,97,98,98
Antigua and Barbuda,28,46,47,47,48,49,50,50,51,52,53,54,55,56,57,58,59,60,61,63,64,64,64,64,64,63,63,62,62,62,62,62,62,62,62,62,62,62,62,62,62,63,63,64,66,67,69,70,72,73,75,76,77,78,79,80,81,83,84,85,87,88,89,90,92,93,94,95,95,96,97,98
Isle of Man,833,55,55,55,54,53,52,51,50,50,49,48,48,48,49,49,50,51,52,53,54,55,56,57,58,59,59,60,61,62,63,64,64,64,64,64,64,65,66,68,69,70,71,71,71,72,72,73,74,75,76,77,78,78,79,80,80,81,82,84,84,85,85,85,84,83,83,83,84,84,85,85
Andorra,20,6,7,7,8,9,9,10,11,12,12,13,14,15,16,17,19,20,21,22,23,24,26,27,28,30,31,32,33,34,35,36,37,39,41,43,45,47,48,50,52,55,57,59,61,63,64,64,64,64,64,65,67,70,73,76,79,81,83,84,84,84,84,82,81,79,78,77,77,77,77,77
Dominica,212,51,52,52,53,54,55,56,57,58,59,60,61,62,63,64,65,66,68,69,70,71,72,72,72,72,72,73,73,74,75,75,75,75,74,74,73,73,72,71,71,70,70,71,71,71,71,71,71,70,70,70,70,70,70,70,71,71,71,71,71,71,71,71,71,71,71,71,71,72,72,72
Cayman Islands,136,6,6,6,6,6,7,7,7,7,8,8,8,8,8,8,8,8,9,9,9,9,10,10,11,11,12,13,14,15,15,16,17,17,18,19,19,20,22,23,24,25,27,28,29,31,32,34,36,38,40,42,44,45,47,48,49,51,52,54,55,57,58,59,60,61,62,63,63,64,65,66
Bermuda,60,37,38,38,39,40,41,42,42,43,44,45,46,47,48,49,49,50,51,51,52,53,53,54,54,55,55,56,56,57,57,58,58,58,59,59,60,60,60,61,61,62,62,62,63,63,63,64,64,64,65,65,65,66,66,66,66,66,66,66,66,65,65,65,64,64,64,63,63,63,63,62
Marshall Islands,584,13,13,13,14,14,14,14,14,14,14,15,15,16,16,17,17,18,18,19,20,20,21,22,23,25,26,27,27,28,29,31,32,33,35,37,38,40,42,44,46,47,48,49,50,50,50,51,50,50,50,51,51,52,53,54,55,56,56,56,56,56,57,57,57,57,57,58,58,58,59,59
Northern Mariana Islands,580,7,7,7,7,8,8,8,9,9,10,10,10,10,11,11,11,11,12,12,13,13,13,14,14,15,15,15,15,15,16,17,18,20,23,25,29,32,36,40,44,46,47,46,46,45,46,48,50,53,56,57,58,58,58,57,57,56,55,55,54,54,54,54,55,55,56,56,57,57,57,58
Greenland,304,23,23,24,24,25,26,27,28,29,30,31,32,34,35,36,38,40,41,43,45,46,47,48,49,49,50,50,50,50,50,50,51,51,52,53,53,54,54,55,55,56,56,56,56,56,56,56,56,56,56,56,56,57,57,57,57,57,57,57,57,57,57,56,56,56,56,56,56,57,57,57
American Samoa,16,19,19,20,20,20,20,20,20,20,20,20,21,21,22,23,24,24,25,26,27,27,28,29,29,30,30,30,31,31,32,33,34,35,36,38,40,41,43,44,46,47,49,50,51,52,53,54,55,56,57,58,58,59,59,60,60,59,58,57,57,56,56,56,56,56,56,56,56,55,55,55
Saint Kitts and Nevis,659,46,46,46,47,48,48,49,50,51,51,51,51,51,51,50,49,48,47,46,46,45,44,44,44,44,44,44,44,44,43,43,43,43,42,42,42,41,41,41,40,40,40,41,41,42,42,42,43,43,44,44,45,45,46,46,47,47,48,48,49,49,49,50,50,51,51,52,52,52,53,53
Faroe Islands,234,32,32,32,32,32,32,33,33,34,34,35,35,36,36,36,37,37,38,38,39,39,39,40,40,41,41,42,42,43,43,43,44,44,44,45,45,46,46,47,47,47,47,47,46,46,46,46,46,46,46,47,47,47,47,48,48,48,48,48,48,48,48,48,48,48,48,48,48,48,49,49
Sint Maarten (Dutch part),534,1,2,2,2,2,2,2,2,2,3,3,3,3,4,4,4,5,5,6,6,7,7,8,8,9,10,10,11,11,12,13,14,15,16,18,19,21,23,25,27,29,30,30,31,31,31,31,32,32,32,33,33,33,33,33,33,33,33,33,34,34,35,36,38,39,40,41,41,42,42,43
Monaco,492,20,19,19,19,19,20,20,21,21,22,22,23,23,23,23,23,23,23,23,23,23,24,24,24,25,25,26,26,26,26,27,27,28,28,29,29,29,29,29,29,29,30,30,30,30,31,31,31,32,32,32,32,33,33,33,34,34,35,35,35,36,36,36,37,37,38,38,38,39,39,39
Turks and Caicos Islands,796,5,5,5,5,5,5,5,6,6,6,6,6,6,6,6,6,6,6,6,6,6,6,6,6,7,7,7,7,7,8,8,8,9,9,10,10,10,11,11,12,12,13,14,15,15,16,17,18,18,19,20,22,23,25,27,28,29,30,31,32,33,33,34,35,35,36,37,37,38,38,39
Saint Martin (French part),663,3,3,3,3,3,3,3,4,4,4,4,4,4,4,4,4,5,5,5,5,6,6,6,6,7,7,7,8,8,9,9,9,8,8,9,11,15,19,24,29,32,32,32,30,28,27,27,27,27,28,29,30,31,32,33,34,35,36,37,37,38,37,37,36,36,36,36,37,37,38,39
Liechtenstein,438,14,14,14,14,15,15,15,15,16,16,17,17,17,18,18,19,19,20,20,21,21,22,22,23,23,23,24,24,25,25,26,26,27,27,27,27,28,28,28,28,29,29,30,30,30,31,31,32,32,33,33,34,34,34,34,35,35,35,35,36,36,36,37,37,37,37,38,38,38,38,38
San Marino,674,13,13,13,13,14,14,14,14,15,15,15,16,16,17,17,18,18,18,19,19,19,19,19,20,20,20,20,20,21,21,21,22,22,22,23,23,23,23,24,24,24,24,25,25,26,26,26,27,27,27,27,28,28,29,29,29,30,30,30,31,31,32,32,33,33,33,34,34,34,34,34
Gibraltar,292,22,22,22,23,23,23,23,23,23,23,23,24,24,25,25,26,27,27,28,28,29,29,29,30,30,30,30,30,30,30,30,30,30,29,29,29,29,29,29,29,29,29,29,29,29,29,29,29,30,31,31,32,32,33,33,33,33,34,34,34,34,34,34,34,34,34,34,34,34,34,34
British Virgin Islands,92,7,8,8,8,8,8,8,8,8,8,8,8,8,8,9,9,9,9,9,10,10,10,10,10,11,11,11,11,11,11,11,12,12,13,13,14,15,15,16,17,17,18,18,19,19,19,20,20,20,20,20,21,21,22,22,23,24,25,26,27,28,28,29,29,29,29,29,30,30,30,30
"Bonaire, Sint Eustatius and Saba",535,7,7,7,8,8,8,8,8,8,8,8,8,8,9,9,9,9,10,10,10,10,11,11,11,11,11,11,11,11,11,11,11,11,12,12,12,12,12,12,13,13,13,14,14,15,15,15,15,15,15,14,14,14,14,14,14,15,17,18,20,21,22,23,24,24,25,25,25,26,26,26
Palau,585,7,7,8,8,8,8,9,9,9,9,10,10,10,11,11,11,11,11,11,12,12,12,12,13,13,13,13,13,12,12,12,12,13,13,13,14,14,14,14,15,15,15,16,16,17,17,18,18,18,19,19,19,20,20,20,20,20,19,19,18,18,18,18,18,18,18,18,18,18,18,18
Cook Islands,184,15,15,16,16,16,16,17,17,18,18,18,18,18,19,19,19,19,20,20,21,21,21,21,21,21,20,20,19,18,18,18,17,17,17,17,18,18,18,18,18,18,18,19,19,19,19,19,19,18,18,18,18,18,19,19,19,19,19,19,19,18,18,18,18,18,18,18,18,18,18,18
Anguilla,660,5,5,5,6,6,6,6,6,6,6,6,6,6,6,6,6,6,7,7,7,7,7,7,7,7,7,7,7,7,7,7,7,7,7,7,7,8,8,8,9,9,9,9,9,10,10,10,10,11,11,11,12,12,12,12,12,13,13,13,13,13,14,14,14,14,14,14,15,15,15,15
Tuvalu,798,5,5,5,5,5,5,5,5,5,5,5,5,5,5,5,5,5,6,6,6,6,6,6,6,6,6,6,7,7,7,8,8,8,8,8,8,8,8,9,9,9,9,9,9,9,9,9,9,9,9,9,9,10,10,10,10,10,10,10,10,11,11,11,11,11,11,11,11,12,12,12
Wallis and Futuna Islands,876,7,7,7,7,8,8,8,8,8,8,8,8,8,9,9,9,9,9,9,9,9,9,9,9,9,9,10,10,10,11,11,12,12,13,13,14,14,14,14,14,14,14,14,14,14,14,14,14,14,15,15,15,15,15,15,15,15,14,14,13,13,12,12,12,12,12,12,12,12,11,11
Nauru,520,3,3,4,4,4,4,4,4,4,4,4,5,5,5,6,6,6,6,6,6,7,7,7,7,7,7,7,7,8,8,8,8,8,8,8,9,9,9,9,9,10,10,10,10,10,11,11,11,11,10,10,10,10,10,10,10,10,10,10,10,10,10,10,10,10,10,10,11,11,11,11
Saint BarthÃ©lemy,652,2,2,2,2,2,2,2,2,2,2,2,2,2,2,2,2,2,2,2,2,2,2,2,2,3,3,3,3,3,3,3,3,3,3,3,3,4,4,5,5,5,6,6,6,6,6,7,7,7,7,7,8,8,8,8,9,9,9,9,9,9,9,9,10,10,10,10,10,10,10,10
Saint Helena,654,5,5,5,5,5,5,5,5,5,5,5,5,5,5,5,5,5,5,6,6,6,6,6,6,6,6,6,6,6,7,7,7,7,7,7,7,7,7,7,7,7,7,6,6,6,6,6,6,6,6,6,6,6,6,5,5,5,5,5,5,5,5,5,6,6,6,6,6,6,6,6
Saint Pierre and Miquelon,666,5,5,5,5,5,5,5,5,5,5,5,5,5,5,5,5,5,5,5,5,6,6,6,6,6,6,6,6,6,6,6,6,6,6,6,6,6,6,6,6,6,6,6,6,6,6,6,6,6,6,6,6,6,6,6,6,6,6,6,6,6,6,6,6,6,6,6,6,6,6,6
Montserrat,500,14,14,14,15,15,14,14,13,13,12,12,12,12,12,12,12,12,12,12,12,12,12,12,12,12,12,12,12,12,12,12,11,11,11,11,11,11,11,11,11,11,11,11,11,10,10,9,8,7,6,5,5,4,5,5,5,5,5,5,5,5,5,5,5,5,5,5,5,5,5,5
Falkland Islands (Malvinas),238,2,2,2,2,2,2,2,2,2,2,2,2,2,2,2,2,2,2,2,2,2,2,2,2,2,2,2,2,2,2,2,2,2,2,2,2,2,2,2,2,2,2,2,2,2,3,3,3,3,3,3,3,3,3,3,3,3,3,3,3,3,3,3,3,3,3,3,3,3,3,3
Niue,570,5,5,5,5,5,5,5,5,5,5,5,5,5,5,5,5,5,5,5,5,5,5,5,4,4,4,4,4,4,4,3,3,3,3,3,3,3,3,2,2,2,2,2,2,2,2,2,2,2,2,2,2,2,2,2,2,2,2,2,2,2,2,2,2,2,2,2,2,2,2,2
Tokelau,772,2,2,1,2,2,2,2,2,2,2,2,2,2,2,2,2,2,2,2,2,2,2,2,2,2,2,2,2,2,2,2,2,2,2,2,2,2,2,2,2,2,2,2,2,2,2,2,2,2,2,2,2,1,1,1,1,1,1,1,1,1,1,1,1,1,1,1,1,1,1,1
Holy See,336,1,1,1,1,1,1,1,1,1,1,1,1,1,1,1,1,1,1,1,1,1,1,1,1,1,1,1,1,1,1,1,1,1,1,1,1,1,1,1,1,1,1,1,1,1,1,1,1,1,1,1,1,1,1,1,1,1,1,1,1,1,1,1,1,1,1,1,1,1,1,1